first_name,last_name,birth_dt,gender,class,luggage_weight,cityA,cityB,flight_dt,airplane_model,distance,price
Noella,Godehard.sf,11/26/1988,Female,1,16.6,Katowice,Berlin,9/19/2019,Boeing 737,464,167.04
Gwennie,Phinnessy,5/17/1992,Female,2,32.8,Chicago,Berlin,5/5/2019,Boeing 474,7093,3191.85
Kimmy,Gascone,6/24/1974,Female,2,37.0,Paris,Katowice,2/7/2019,Boeing 737,1212,545.4
Cal,Van Geffen,5/5/1993,Female,0,20.6,Rome,Warsaw,9/23/2019,Airbus A320,1318,395.4
Douglas,Luto,8/27/2000,Male,1,8.6,Chicago,London,12/17/2019,Boeing 474,6362,2290.32
Alasdair,Biddy,10/2/1971,Male,0,4.7,Frankfurt,New York,10/9/2019,Boeing 737,6211,1863.3
Carey,Tattoo,3/21/1979,Male,2,30.6,Katowice,London,4/9/2019,Boeing 737,1349,607.05
Hercule,Langman,11/11/1983,Male,2,16.2,London,Rome,12/1/2019,Boeing 474,1434,645.3
Derek,Behnecke,5/25/1972,Male,1,32.7,Rome,Katowice,9/22/2019,Airbus A330,1059,381.24
Adelheid,Ruprechter,5/9/1972,Female,2,8.4,New York,Paris,4/4/2019,Boeing 737,5845,2630.25
Christiana,Pickvance,6/21/1978,Female,2,10.1,Berlin,Tokio,7/8/2019,Boeing 777,8933,4019.85
Kele,Fenkel,3/8/1999,Male,0,1.0,Paris,Tokio,7/31/2019,Airbus A320,9730,2919.0
Kliment,Hubbock,3/4/1992,Male,1,8.3,Warsaw,Katowice,10/6/2019,Boeing 474,259,93.24
Derk,Lindemann,3/5/1993,Male,1,21.3,Chicago,Tokio,3/3/2019,Boeing 474,10152,3654.72
Florinda,Mattusevich,5/7/2000,Female,0,33.7,Frankfurt,Paris,7/2/2019,Boeing 777,479,143.7
Florence,Tuckwell,10/21/1978,Female,1,8.7,Paris,New York,5/21/2019,Airbus A330,5845,2104.2
Angel,Hammerson,2/18/1977,Female,2,24.8,New York,Tokio,1/13/2019,Boeing 474,10864,4888.8
Theressa,Hanham,12/3/1997,Female,1,36.6,Berlin,Rome,2/28/2019,Airbus A330,1185,426.6
Elinor,Millan,3/21/1984,Female,0,15.4,Katowice,New York,2/4/2019,Boeing 474,6857,2057.1
Derrek,Arboin,3/29/1975,Male,0,7.1,New York,Chicago,2/2/2019,Boeing 777,1146,343.8
Jolie,Godbehere,7/30/1977,Female,1,14.5,Paris,New York,3/7/2019,Boeing 474,5845,2104.2
Urbain,Fripps,9/9/1972,Male,1,30.2,Katowice,Warsaw,11/1/2019,Airbus A320,259,93.24
Rock,Killock,6/16/1997,Male,1,23.3,Warsaw,Chicago,6/1/2019,Boeing 737,7522,2707.92
Tiphani,Dreakin,2/15/2007,Female,2,15.9,Paris,Chicago,12/23/2019,Boeing 737,6660,2997.0
Rod,Proudler,1/11/1981,Male,1,15.9,Berlin,Tokio,12/13/2019,Boeing 777,8933,3215.88
Cobby,Magrane,3/2/2003,Male,2,0.9,Chicago,New York,12/14/2019,Airbus A320,1146,515.7
Georgena,Skipsey,8/15/1977,Female,2,22.9,Paris,New York,5/6/2019,Airbus A330,5845,2630.25
Lenard,Mariel,8/21/1975,Male,1,13.0,Berlin,Frankfurt,12/12/2019,Airbus A330,424,152.64
Blake,Goldthorp,8/20/1991,Female,2,19.6,Chicago,London,9/4/2019,Boeing 737,6362,2862.9
Carney,Hubbins,1/5/2005,Male,0,2.2,Katowice,Tokio,12/20/2019,Boeing 777,8846,2653.8
Denyse,Paolo,8/30/1974,Female,1,26.8,Rome,New York,8/27/2019,Airbus A330,6897,2482.92
Lauree,Dumbellow,2/20/2004,Female,2,38.1,New York,Tokio,10/31/2019,Airbus A330,10864,4888.8
Bronnie,Skeete,3/9/2004,Male,0,38.0,Katowice,Berlin,10/31/2019,Boeing 777,464,139.2
Harv,Nye,4/2/2010,Male,1,35.0,New York,Paris,6/20/2019,Boeing 737,5845,2104.2
Roldan,Fawdrey,5/8/1982,Male,2,29.8,Chicago,Rome,9/27/2019,Boeing 737,7749,3487.05
Blinny,Peeke-Vout,11/7/2002,Female,2,16.1,New York,Berlin,7/8/2019,Boeing 737,6394,2877.3
Cory,Pavia,10/22/1992,Female,2,7.1,Katowice,Tokio,4/7/2019,Boeing 777,8846,3980.7
Gay,Garms,2/16/1970,Male,1,31.4,Katowice,Frankfurt,12/14/2019,Airbus A320,737,265.32
Silva,Nicklin,1/24/2006,Female,1,2.2,Rome,Katowice,6/1/2019,Airbus A330,1059,381.24
Inger,Paternoster,3/5/1984,Male,2,11.9,Chicago,London,7/24/2019,Airbus A330,6362,2862.9
Alina,Goadsby,4/15/1985,Female,2,5.9,London,Warsaw,4/8/2019,Airbus A320,1451,652.95
Dela,Fyfield,2/23/2002,Female,0,34.7,Paris,Katowice,4/21/2019,Airbus A320,1212,363.6
Jessey,Mourant,11/17/1991,Male,1,33.8,Frankfurt,London,5/12/2019,Boeing 474,639,230.04
Damara,Nott,3/30/2005,Female,1,37.9,Frankfurt,Rome,7/13/2019,Airbus A330,959,345.24
Deina,Birt,11/21/1982,Female,0,6.0,Tokio,Chicago,12/7/2019,Boeing 777,10152,3045.6
Harlin,Worral,11/14/1980,Male,2,27.4,Chicago,Paris,3/16/2019,Airbus A320,6660,2997.0
Micky,Rajchert,9/4/2004,Male,0,19.8,New York,Warsaw,8/8/2019,Boeing 474,6864,2059.2
Rex,Dary,12/22/1990,Male,2,20.2,Frankfurt,London,11/6/2019,Boeing 737,639,287.55
Angie,Grellier,5/14/2009,Male,1,9.2,Chicago,Paris,11/24/2019,Boeing 737,6660,2397.6
Costanza,Chillcot,4/7/2001,Female,1,19.7,New York,Berlin,5/30/2019,Boeing 737,6394,2301.84
Lori,Goldsmith,12/1/1981,Female,2,27.2,London,Katowice,10/17/2019,Boeing 777,1349,607.05
Ingelbert,Wooland,2/26/1982,Male,0,27.3,Katowice,Chicago,6/22/2019,Airbus A320,7556,2266.8
Wendye,Mapp,1/28/1995,Female,1,34.9,Katowice,Frankfurt,6/23/2019,Boeing 737,737,265.32
Mollie,Eckley,9/21/1976,Female,1,12.5,New York,Frankfurt,8/23/2019,Airbus A320,6211,2235.96
Pail,Vedikhov,4/24/2002,Male,1,2.8,Chicago,Warsaw,3/30/2019,Boeing 777,7522,2707.92
Jamil,McShirie,11/1/1987,Male,2,12.6,Frankfurt,New York,8/11/2019,Boeing 777,6211,2794.95
Ricki,Ronchka,11/10/1974,Male,0,38.9,Paris,Berlin,10/18/2019,Airbus A330,879,263.7
Beryle,Nobbs,11/13/1979,Female,2,38.7,Chicago,Berlin,5/2/2019,Airbus A330,7093,3191.85
Gayel,Dillinger,1/16/1989,Female,2,35.8,Frankfurt,Tokio,6/6/2019,Airbus A330,9349,4207.05
Filippo,Van Waadenburg,9/15/1983,Male,1,25.3,Rome,Chicago,2/22/2019,Boeing 777,7749,2789.64
Mechelle,Iggo,3/19/1989,Female,2,28.3,Warsaw,Frankfurt,6/22/2019,Airbus A320,891,400.95
Ulick,Ellerington,10/7/1974,Male,0,24.9,Rome,Katowice,5/14/2019,Boeing 737,1059,317.7
Francois,Stammer,11/10/1976,Male,0,21.3,Katowice,Paris,2/24/2019,Airbus A320,1212,363.6
Frasier,Pigne,5/25/1975,Male,2,36.0,London,New York,12/22/2019,Airbus A330,5578,2510.1
Frederich,Gommowe,12/14/2007,Male,0,26.8,Frankfurt,Chicago,7/30/2019,Airbus A330,6974,2092.2
Celisse,Dreger,3/4/2000,Female,2,28.9,Berlin,Rome,9/2/2019,Airbus A330,1185,533.25
Sibyl,Willarton,9/24/2000,Female,2,12.1,Katowice,Frankfurt,3/8/2019,Boeing 474,737,331.65
Tymothy,Dawtry,10/2/2005,Male,0,28.0,Tokio,Frankfurt,4/17/2019,Boeing 474,9349,2804.7
Andi,Hawsby,7/21/1998,Female,1,7.3,Rome,Tokio,3/15/2019,Airbus A330,9874,3554.64
Natale,Smitten,2/8/1978,Male,0,37.8,Paris,Chicago,1/26/2019,Airbus A330,6660,1998.0
Leslie,Minillo,12/20/2006,Male,1,18.3,Paris,Berlin,8/24/2019,Airbus A320,879,316.44
Lamont,Antos,8/20/1999,Male,1,29.5,Rome,Berlin,10/29/2019,Airbus A330,1185,426.6
Gil,Pepye,9/5/2008,Male,2,12.3,Warsaw,Frankfurt,11/4/2019,Airbus A320,891,400.95
Lou,Vernazza,4/30/1988,Male,1,29.9,Rome,Tokio,10/15/2019,Airbus A320,9874,3554.64
Cob,Buckenham,4/28/1980,Male,0,12.2,London,Tokio,1/10/2019,Airbus A320,9576,2872.8
Lev,Zmitruk,10/19/1986,Male,2,34.2,Frankfurt,London,3/28/2019,Boeing 474,639,287.55
Zach,Basilone,1/29/2010,Male,2,33.6,New York,Berlin,1/29/2019,Airbus A320,6394,2877.3
Felicity,Driver,3/5/1991,Female,1,11.5,Berlin,Warsaw,2/22/2019,Boeing 777,518,186.48
Ennis,Tagg,3/27/2004,Male,0,17.6,Warsaw,New York,4/23/2019,Boeing 777,6864,2059.2
Randolph,Proppers,6/1/1978,Male,2,32.2,New York,London,3/11/2019,Boeing 737,5578,2510.1
Rita,Lamerton,7/17/2005,Female,1,22.9,Berlin,London,10/24/2019,Boeing 777,933,335.88
Terrijo,Dakin,1/31/1999,Female,2,22.8,Paris,New York,3/20/2019,Boeing 777,5845,2630.25
Orlan,Jeyes,7/10/1995,Male,0,16.6,Tokio,Katowice,7/23/2019,Airbus A330,8846,2653.8
Cornell,Buttress,9/2/1998,Male,1,30.4,Frankfurt,London,3/18/2019,Airbus A330,639,230.04
Katerine,Stivers,12/7/1995,Female,2,19.8,Frankfurt,New York,12/5/2019,Boeing 737,6211,2794.95
Meagan,Gowers,1/5/2005,Female,0,21.1,Berlin,Chicago,6/2/2019,Boeing 777,7093,2127.9
Alvy,Currall,7/26/1983,Male,2,24.8,Warsaw,Chicago,9/19/2019,Boeing 474,7522,3384.9
Cami,McGrowther,3/30/2004,Female,2,9.9,Chicago,Katowice,3/12/2019,Boeing 777,7556,3400.2
Beverley,Muckian,11/13/1991,Female,0,28.9,Chicago,New York,4/6/2019,Airbus A330,1146,343.8
Conway,Bruyns,7/18/1990,Male,0,13.2,Paris,Tokio,10/4/2019,Airbus A330,9730,2919.0
Rikki,Muckley,1/2/2003,Female,1,22.0,New York,Berlin,7/2/2019,Boeing 777,6394,2301.84
Esdras,Ralph,12/5/1991,Male,2,3.5,Frankfurt,London,3/26/2019,Airbus A330,639,287.55
Mart,Larrat,6/25/1977,Male,0,25.3,Berlin,London,5/7/2019,Boeing 474,933,279.9
Holden,Tofano,9/24/1990,Male,0,9.0,New York,Tokio,9/6/2019,Airbus A320,10864,3259.2
Malachi,Husbands,3/15/1973,Male,2,1.3,Berlin,Paris,1/5/2019,Airbus A320,879,395.55
Zaria,Eul,10/24/1980,Female,0,25.6,Frankfurt,New York,8/2/2019,Airbus A320,6211,1863.3
Graham,Geare,3/21/1977,Male,0,17.9,New York,Tokio,6/9/2019,Boeing 474,10864,3259.2
Ulrich,Zienkiewicz,12/9/1992,Male,2,0.8,Warsaw,Rome,5/26/2019,Boeing 737,1318,593.1
Zebulon,Jakab,7/23/2003,Male,0,19.3,Rome,Tokio,3/13/2019,Boeing 737,9874,2962.2
Torrey,McPhelim,12/30/1976,Male,1,29.3,Katowice,Chicago,8/10/2019,Boeing 474,7556,2720.16
Prisca,Topling,2/17/1988,Female,2,37.8,Rome,Warsaw,5/28/2019,Airbus A320,1318,593.1
Eugenio,Marages,3/17/1973,Male,0,2.8,Tokio,Frankfurt,3/2/2019,Boeing 777,9349,2804.7
Lira,Dunsford,6/11/1972,Female,1,19.6,London,Rome,10/31/2019,Airbus A320,1434,516.24
Celia,Biagi,11/9/1995,Female,1,4.7,Frankfurt,Rome,8/29/2019,Boeing 474,959,345.24
Hans,Rawnsley,5/17/1973,Male,2,23.9,New York,Tokio,10/27/2019,Boeing 737,10864,4888.8
Cristiano,Chessum,12/23/1985,Male,0,17.6,Chicago,Tokio,7/25/2019,Boeing 737,10152,3045.6
Malia,Casford,10/19/2003,Female,2,4.2,New York,Chicago,2/25/2019,Boeing 737,1146,515.7
Red,Heinsius,7/22/2004,Male,2,32.8,Berlin,Paris,10/2/2019,Boeing 777,879,395.55
Olympie,Frank,7/2/1999,Female,0,23.6,London,Chicago,9/15/2019,Boeing 474,6362,1908.6
Kristo,Fontel,8/21/2001,Male,1,17.5,Frankfurt,Paris,1/2/2019,Airbus A320,479,172.44
Sidonia,Ianiello,7/8/1992,Female,1,19.6,Paris,New York,3/6/2019,Boeing 777,5845,2104.2
Valli,Ream,7/21/1971,Female,1,21.9,Berlin,Tokio,10/3/2019,Boeing 737,8933,3215.88
Matthieu,Pottell,5/23/1995,Male,0,34.7,Warsaw,New York,7/14/2019,Airbus A320,6864,2059.2
Loreen,Beckingham,8/24/2009,Female,2,11.5,New York,Katowice,8/21/2019,Boeing 737,6857,3085.65
Geraldine,Wadworth,6/15/2002,Female,2,11.0,Chicago,Frankfurt,7/25/2019,Boeing 474,6974,3138.3
Rudolfo,Burberye,5/31/1995,Male,0,35.9,Warsaw,Frankfurt,5/27/2019,Airbus A330,891,267.3
Reese,Courtenay,2/23/1997,Male,1,20.2,Chicago,Paris,5/3/2019,Airbus A330,6660,2397.6
Leonore,Crennell,10/17/2006,Female,2,20.6,Katowice,Rome,4/26/2019,Airbus A330,1059,476.55
Samuele,Sterrie,8/11/2004,Male,2,13.1,Rome,London,5/9/2019,Boeing 474,1434,645.3
Weylin,Andersch,8/11/1974,Male,1,31.2,Rome,Berlin,10/21/2019,Airbus A330,1185,426.6
Haley,Cruess,8/21/1978,Male,0,10.4,Chicago,London,8/11/2019,Airbus A330,6362,1908.6
Lynnell,Gaveltone,9/1/2002,Female,2,17.6,Warsaw,Tokio,3/20/2019,Airbus A330,8595,3867.75
Eydie,O'Hanlon,5/11/1985,Female,0,36.6,Tokio,Berlin,4/1/2019,Boeing 474,8933,2679.9
Cletus,Conachie,3/10/2009,Male,2,13.5,Katowice,Warsaw,7/15/2019,Boeing 777,259,116.55
Rafi,Milkins,8/22/2000,Male,1,10.7,Paris,Rome,10/11/2019,Boeing 474,1105,397.8
Benedicto,Clouter,10/23/1975,Male,1,28.1,Paris,Tokio,8/22/2019,Airbus A330,9730,3502.8
Vince,Prescott,4/22/1977,Male,0,26.5,Warsaw,London,10/24/2019,Airbus A330,1451,435.3
Constancy,Olfert,11/13/2003,Female,1,33.6,Tokio,Rome,6/13/2019,Airbus A330,9874,3554.64
Marybelle,Vellacott,12/29/1979,Female,2,3.0,London,Chicago,4/20/2019,Boeing 777,6362,2862.9
Bernice,Gaskins,12/21/1970,Female,2,29.0,Rome,Tokio,10/1/2019,Airbus A330,9874,4443.3
Elvin,Lindro,4/3/1976,Male,2,29.5,Chicago,Tokio,8/2/2019,Boeing 474,10152,4568.4
Rivalee,Millom,4/1/2005,Female,1,11.8,London,Katowice,12/10/2019,Airbus A320,1349,485.64
Benjamen,Boland,5/28/2006,Male,1,31.7,Rome,Katowice,9/25/2019,Boeing 777,1059,381.24
Cleveland,Cookney,1/19/2007,Male,0,14.5,Katowice,Paris,7/3/2019,Boeing 474,1212,363.6
Lucho,Wackley,11/6/1989,Male,0,12.1,Chicago,Katowice,5/3/2019,Boeing 474,7556,2266.8
Gwenni,Quantrell,4/15/1980,Female,1,8.8,New York,Chicago,1/8/2019,Boeing 474,1146,412.56
Carly,Hamnett,12/25/1990,Male,1,23.9,Berlin,New York,4/4/2019,Boeing 737,6394,2301.84
Kimble,Cowdroy,12/15/1996,Male,1,1.8,Tokio,London,11/21/2019,Boeing 737,9576,3447.36
Shayla,Pellissier,3/11/1974,Female,1,18.6,Frankfurt,New York,1/6/2019,Boeing 777,6211,2235.96
Kin,Grevatt,7/10/1992,Male,1,29.3,Rome,Warsaw,11/22/2019,Boeing 474,1318,474.48
David,Lukes,8/18/1988,Male,2,19.4,Rome,Chicago,8/10/2019,Airbus A330,7749,3487.05
Gratia,Kampshell,3/24/1978,Female,2,8.4,Paris,Katowice,5/22/2019,Airbus A330,1212,545.4
Tammy,Becerra,6/6/2002,Female,2,1.6,New York,Katowice,1/16/2019,Boeing 474,6857,3085.65
Nefen,Craw,5/21/2002,Male,2,33.7,Tokio,Warsaw,6/29/2019,Boeing 474,8595,3867.75
Rodina,MacGowing,6/23/1991,Female,2,13.5,Berlin,Rome,10/23/2019,Airbus A320,1185,533.25
Fonsie,Bozier,4/1/1995,Male,1,38.4,New York,London,2/19/2019,Airbus A330,5578,2008.08
Augustine,Sandars,11/24/1993,Male,1,34.7,Katowice,Warsaw,7/9/2019,Airbus A330,259,93.24
Gratia,Paggitt,9/4/2000,Female,2,14.8,Rome,Katowice,6/1/2019,Airbus A330,1059,476.55
Tammy,Emerton,4/10/2006,Male,2,6.3,Warsaw,New York,6/28/2019,Boeing 474,6864,3088.8
Meyer,Boggas,11/9/2002,Male,2,2.3,New York,Katowice,11/11/2019,Boeing 777,6857,3085.65
Conrad,Oxenford,7/9/1979,Male,2,32.1,Tokio,Katowice,7/20/2019,Boeing 777,8846,3980.7
Mala,White,6/27/1980,Female,0,20.8,Paris,Katowice,4/24/2019,Boeing 474,1212,363.6
Alejoa,Stickens,10/4/2001,Male,1,39.6,Frankfurt,London,8/22/2019,Boeing 777,639,230.04
Colver,Trusdale,7/6/1989,Male,0,22.8,Tokio,Paris,8/4/2019,Boeing 737,9730,2919.0
Barbra,Fevers,12/2/1993,Female,0,38.6,Rome,Berlin,4/18/2019,Airbus A330,1185,355.5
Ailsun,Settle,6/9/1993,Female,0,39.3,Warsaw,London,9/26/2019,Airbus A320,1451,435.3
Vivyan,Leif,2/17/1995,Female,1,30.1,Rome,Katowice,1/12/2019,Boeing 777,1059,381.24
Den,Dedon,2/19/1972,Male,1,19.6,Tokio,London,2/13/2019,Boeing 737,9576,3447.36
Wake,Kilvington,5/11/1982,Male,1,13.3,London,Katowice,10/12/2019,Boeing 777,1349,485.64
Wilfrid,Adne,9/3/1979,Male,0,29.4,Katowice,Chicago,4/20/2019,Boeing 474,7556,2266.8
Myriam,Rawdales,11/1/1997,Female,2,39.8,Warsaw,Frankfurt,12/30/2019,Airbus A320,891,400.95
Sibley,Duer,7/18/2002,Female,1,22.3,Paris,Katowice,5/29/2019,Airbus A330,1212,436.32
Lockwood,Low,1/8/1982,Male,0,24.5,Chicago,Tokio,4/5/2019,Boeing 777,10152,3045.6
Inger,Stockhill,4/1/2010,Female,1,3.2,Paris,New York,7/23/2019,Boeing 737,5845,2104.2
Adria,Tomsett,3/4/1970,Female,2,26.9,Rome,London,4/17/2019,Airbus A320,1434,645.3
Piotr,Iredale,11/21/1989,Male,0,27.1,Chicago,Frankfurt,10/19/2019,Boeing 474,6974,2092.2
Alis,Breckon,7/17/1981,Female,1,27.9,Berlin,New York,9/30/2019,Airbus A320,6394,2301.84
Emalee,Fettes,12/2/1985,Female,2,32.5,Warsaw,Chicago,3/19/2019,Boeing 474,7522,3384.9
Sheelah,Cerith,3/8/1984,Female,0,35.7,Frankfurt,London,9/18/2019,Boeing 737,639,191.7
Philomena,Luety,5/29/1996,Female,0,35.9,Frankfurt,London,4/3/2019,Boeing 737,639,191.7
Ganny,Cheeld,2/3/1987,Male,1,34.6,Tokio,Chicago,1/20/2019,Boeing 737,10152,3654.72
Leeland,Twort,5/18/2000,Male,1,32.1,Katowice,Berlin,4/22/2019,Boeing 737,464,167.04
Hunt,Cornes,6/11/1998,Male,2,9.2,Berlin,London,5/24/2019,Airbus A330,933,419.85
Anallise,Pourveer,2/4/2007,Female,1,24.4,Chicago,Berlin,4/27/2019,Airbus A320,7093,2553.48
Carla,Libbis,5/18/2001,Female,1,6.4,Tokio,Berlin,5/24/2019,Boeing 737,8933,3215.88
Gillie,Luckcuck,12/1/2003,Female,1,39.7,Berlin,London,8/11/2019,Boeing 737,933,335.88
Killian,Colegate,12/20/1994,Male,1,2.3,Warsaw,New York,5/13/2019,Airbus A320,6864,2471.04
Shurlock,Devereu,10/13/1991,Male,1,26.2,Chicago,Katowice,7/9/2019,Airbus A320,7556,2720.16
Theadora,Prawle,1/29/1991,Female,2,33.6,Warsaw,Berlin,11/25/2019,Boeing 777,518,233.1
Eduino,Ivushkin,11/8/1988,Male,0,0.8,Tokio,Paris,1/11/2019,Airbus A320,9730,2919.0
Colas,Farland,12/22/1981,Male,1,23.3,Tokio,Berlin,6/19/2019,Boeing 737,8933,3215.88
Ky,Ambrosio,6/10/1999,Male,0,4.4,Paris,New York,11/6/2019,Airbus A320,5845,1753.5
Anya,Wooderson,9/14/1986,Female,1,36.2,Warsaw,Berlin,12/17/2019,Boeing 777,518,186.48
Davis,Castanie,11/10/1973,Male,1,36.4,Katowice,Frankfurt,7/30/2019,Airbus A330,737,265.32
Elmira,McGougan,7/23/2000,Female,2,20.1,Rome,Frankfurt,3/4/2019,Airbus A320,959,431.55
Toby,Cansfield,4/26/1978,Male,0,25.6,Warsaw,Paris,10/17/2019,Airbus A330,1368,410.4
Felice,O'Henery,3/11/1983,Male,0,27.5,Chicago,Katowice,3/7/2019,Boeing 474,7556,2266.8
Birgitta,Rollinson,3/13/1993,Female,1,28.4,Tokio,Rome,12/15/2019,Boeing 777,9874,3554.64
Tamas,Debnam,11/28/1979,Male,0,4.1,New York,Berlin,1/23/2019,Boeing 737,6394,1918.2
Asia,Waller,8/16/1990,Female,1,15.4,New York,Frankfurt,2/8/2019,Boeing 474,6211,2235.96
Hasheem,Wickins,12/28/2007,Male,2,29.5,Warsaw,Katowice,8/24/2019,Airbus A320,259,116.55
Emanuel,Heibl,6/28/1981,Male,0,8.6,Paris,New York,12/25/2019,Airbus A330,5845,1753.5
Evan,Lillow,4/20/1978,Male,0,25.4,Chicago,Tokio,12/15/2019,Boeing 474,10152,3045.6
Rock,Gerretsen,2/21/1985,Male,0,29.2,Paris,Tokio,2/8/2019,Airbus A330,9730,2919.0
Lenard,Udey,8/28/1983,Male,1,13.4,Rome,New York,8/25/2019,Airbus A320,6897,2482.92
Ransom,Haney,7/31/1975,Male,1,20.4,Tokio,Katowice,6/7/2019,Boeing 777,8846,3184.56
Junette,Jarad,5/16/1978,Female,0,19.4,Tokio,Rome,11/21/2019,Airbus A330,9874,2962.2
Collete,Water,10/15/1982,Female,2,7.1,Frankfurt,Rome,3/21/2019,Boeing 777,959,431.55
Nikaniki,Mumford,6/20/1994,Female,2,37.1,Warsaw,Rome,3/23/2019,Boeing 474,1318,593.1
Maia,Macauley,8/30/1984,Female,2,20.3,Katowice,Warsaw,2/14/2019,Boeing 474,259,116.55
Zaccaria,Tott,11/28/2004,Male,0,26.8,Katowice,Berlin,10/23/2019,Boeing 474,464,139.2
Marthe,Clelland,9/20/2000,Female,2,31.3,Frankfurt,London,9/16/2019,Boeing 474,639,287.55
Carlota,Greson,9/27/1970,Female,1,27.3,Tokio,Berlin,7/28/2019,Boeing 474,8933,3215.88
Kev,Simonelli,9/22/2010,Male,0,23.6,Tokio,Warsaw,3/21/2019,Boeing 737,8595,2578.5
Ana,Capineer,12/15/1999,Female,2,38.4,Katowice,Tokio,1/6/2019,Airbus A320,8846,3980.7
Tommie,Greatham,10/18/2001,Female,0,20.0,Tokio,Rome,10/31/2019,Airbus A330,9874,2962.2
Clemens,Wenn,10/10/1996,Male,2,30.1,Katowice,Chicago,5/14/2019,Boeing 737,7556,3400.2
Caye,Chinery,5/2/1985,Female,2,23.1,Warsaw,New York,7/4/2019,Airbus A320,6864,3088.8
Ursa,Jonsson,7/27/1977,Female,1,4.3,Tokio,Paris,8/10/2019,Boeing 474,9730,3502.8
Ettie,Okill,3/16/1985,Female,1,37.3,New York,Tokio,2/23/2019,Airbus A330,10864,3911.04
Lovell,McGillacoell,5/2/1984,Male,0,28.8,Katowice,Warsaw,11/1/2019,Boeing 777,259,77.7
Elberta,Tongs,3/6/1992,Female,1,5.1,New York,London,12/29/2019,Airbus A320,5578,2008.08
Emogene,Dominichelli,9/2/1976,Female,2,2.4,Rome,Frankfurt,11/10/2019,Airbus A320,959,431.55
Jemie,Rodgman,8/31/1997,Female,2,29.6,Rome,Chicago,6/17/2019,Airbus A320,7749,3487.05
Stewart,Le Breton De La Vieuville,2/23/2007,Male,0,21.3,Tokio,Warsaw,6/2/2019,Boeing 474,8595,2578.5
Kristian,Venes,7/26/1977,Male,2,6.9,New York,Chicago,11/17/2019,Airbus A320,1146,515.7
Donal,Clutterham,2/11/2005,Male,0,35.0,Katowice,Frankfurt,9/3/2019,Airbus A320,737,221.1
Benjamen,Albion,12/13/1972,Male,1,5.5,Berlin,London,10/10/2019,Boeing 737,933,335.88
Veronika,McAlpin,5/25/1978,Female,1,10.0,Frankfurt,Berlin,5/8/2019,Boeing 777,424,152.64
Aurore,Rawe,11/30/1991,Female,1,21.4,Frankfurt,Chicago,1/20/2019,Boeing 474,6974,2510.64
Mathilde,Olivelli,2/13/1996,Female,1,29.7,Frankfurt,London,4/11/2019,Airbus A320,639,230.04
Mersey,Crone,2/27/1989,Female,1,26.2,Warsaw,Rome,11/7/2019,Boeing 777,1318,474.48
Cal,Willan,9/17/1997,Male,1,18.7,Tokio,Warsaw,7/8/2019,Boeing 474,8595,3094.2
Kiel,Keeves,2/18/1998,Male,2,21.0,New York,Paris,9/27/2019,Boeing 474,5845,2630.25
Ross,Probate,12/4/2006,Male,2,29.5,Paris,Rome,12/18/2019,Boeing 737,1105,497.25
Jaclin,Brommage,7/11/1987,Female,1,23.9,Katowice,Paris,8/14/2019,Airbus A330,1212,436.32
Kasey,Philipart,8/25/2007,Female,1,20.2,Katowice,Tokio,10/24/2019,Boeing 737,8846,3184.56
Gordie,Wyldes,3/25/2003,Male,1,27.4,London,Chicago,10/17/2019,Boeing 474,6362,2290.32
Richart,Starten,10/6/1993,Male,1,9.6,New York,Rome,8/15/2019,Boeing 737,6897,2482.92
Stanton,Romanski,8/8/1979,Male,0,6.1,London,Frankfurt,11/20/2019,Boeing 777,639,191.7
Virgie,Neath,9/22/1997,Male,2,28.0,London,Tokio,12/4/2019,Boeing 777,9576,4309.2
Nealon,Crystal,12/18/2008,Male,0,0.4,Tokio,Warsaw,12/4/2019,Boeing 737,8595,2578.5
Eb,Alessandretti,2/4/1983,Male,1,1.0,New York,Berlin,10/27/2019,Boeing 474,6394,2301.84
Claiborn,Swadling,12/27/1976,Male,2,19.3,Frankfurt,Berlin,4/25/2019,Boeing 777,424,190.8
Brigitte,Bayfield,2/11/1998,Female,0,38.9,Berlin,London,7/8/2019,Boeing 737,933,279.9
Anthiathia,Gott,12/17/1970,Female,2,1.4,New York,Frankfurt,7/5/2019,Airbus A330,6211,2794.95
Micky,Pring,5/24/1978,Female,1,13.9,Chicago,Katowice,3/20/2019,Airbus A320,7556,2720.16
Denise,Latchmore,5/31/1990,Female,1,30.7,Tokio,Chicago,8/22/2019,Boeing 737,10152,3654.72
Vale,O'Growgane,2/18/2007,Female,0,36.5,London,Katowice,10/11/2019,Boeing 777,1349,404.7
Miltie,Hunnicutt,8/28/1992,Male,0,16.7,Katowice,New York,6/25/2019,Boeing 737,6857,2057.1
Jack,Heustice,2/24/1973,Male,2,39.5,Berlin,Paris,12/25/2019,Boeing 474,879,395.55
Teddi,Balducci,4/1/1975,Female,1,12.0,Paris,Berlin,12/6/2019,Boeing 777,879,316.44
Jyoti,Egdale,9/19/1975,Female,1,23.3,Rome,Paris,10/2/2019,Airbus A330,1105,397.8
Amanda,Treby,4/28/1971,Female,1,15.8,Warsaw,Tokio,8/16/2019,Airbus A320,8595,3094.2
Bastien,Basilio,10/20/1979,Male,1,21.1,Frankfurt,Rome,8/29/2019,Boeing 737,959,345.24
Georgeta,Warcup,8/10/1991,Female,2,11.0,Frankfurt,London,10/24/2019,Boeing 777,639,287.55
Kyle,Bulpitt,3/27/2008,Female,1,6.9,Berlin,Frankfurt,11/9/2019,Airbus A320,424,152.64
Theda,Swidenbank,5/13/2000,Female,1,25.6,Tokio,Rome,8/10/2019,Boeing 474,9874,3554.64
Waldon,Farr,6/10/2001,Male,2,29.9,Chicago,Tokio,6/27/2019,Airbus A320,10152,4568.4
Goldie,Whitworth,6/10/1996,Female,0,27.6,Frankfurt,Rome,3/23/2019,Boeing 474,959,287.7
Bebe,MacLleese,10/10/1985,Female,1,10.6,New York,London,1/18/2019,Boeing 777,5578,2008.08
Ekaterina,Kimmitt,5/12/1983,Female,1,24.4,London,Chicago,10/27/2019,Boeing 474,6362,2290.32
Raff,Sember,1/12/1988,Male,2,28.2,Berlin,Warsaw,12/23/2019,Airbus A330,518,233.1
Caldwell,Pedden,4/30/2007,Male,1,14.0,London,Tokio,9/14/2019,Boeing 777,9576,3447.36
Annadiana,Tipping,11/11/1989,Female,0,13.6,Berlin,Chicago,8/30/2019,Airbus A330,7093,2127.9
Ediva,Gasker,4/14/2003,Female,2,0.1,Chicago,London,12/9/2019,Airbus A330,6362,2862.9
Sue,Duley,10/27/2002,Female,1,23.2,London,Katowice,2/21/2019,Boeing 777,1349,485.64
Gage,Teasdale,10/15/1976,Male,0,37.1,New York,Paris,7/30/2019,Boeing 777,5845,1753.5
Maribeth,Doore,12/22/1980,Female,2,8.9,New York,Frankfurt,6/23/2019,Boeing 777,6211,2794.95
Devlen,Jacqueminet,8/2/2008,Male,1,28.7,Frankfurt,Warsaw,8/18/2019,Boeing 474,891,320.76
Krysta,Southwick,10/9/1998,Female,2,15.0,Paris,Berlin,1/19/2019,Airbus A330,879,395.55
Lela,Popov,9/15/1981,Female,1,33.0,Chicago,Katowice,6/4/2019,Airbus A330,7556,2720.16
Berny,Whittenbury,3/7/1995,Male,1,19.7,Chicago,Berlin,10/18/2019,Boeing 777,7093,2553.48
Heinrik,Ronald,12/14/1981,Male,0,12.4,Berlin,London,11/1/2019,Boeing 474,933,279.9
Ashil,Greschke,3/24/1993,Female,0,18.9,Katowice,Chicago,3/30/2019,Boeing 474,7556,2266.8
Dorian,Widdison,3/25/1971,Female,0,23.9,Katowice,Berlin,1/19/2019,Boeing 474,464,139.2
Amargo,McLarnon,2/11/1990,Female,2,17.5,New York,Chicago,10/10/2019,Boeing 777,1146,515.7
Roderich,Wingeat,3/18/2000,Male,1,27.9,Frankfurt,Tokio,5/10/2019,Boeing 777,9349,3365.64
Ripley,Torritti,12/4/1987,Male,2,19.2,London,Berlin,9/18/2019,Boeing 777,933,419.85
Theodoric,O'Fihily,1/11/1989,Male,2,18.7,Katowice,Frankfurt,7/9/2019,Airbus A320,737,331.65
Keir,Mockford,12/22/1990,Male,0,7.2,Berlin,Rome,9/10/2019,Boeing 474,1185,355.5
Quentin,Parlour,6/6/1977,Male,0,10.4,London,Frankfurt,11/4/2019,Airbus A320,639,191.7
Perceval,Sapey,2/14/1977,Male,2,6.4,Warsaw,Rome,12/1/2019,Airbus A320,1318,593.1
Heath,Greenman,2/2/1977,Male,2,10.0,Warsaw,London,12/7/2019,Boeing 777,1451,652.95
Claudius,Hovie,5/26/1994,Male,1,14.3,Katowice,Chicago,1/18/2019,Airbus A320,7556,2720.16
Ardra,Kingswood,1/18/1997,Female,1,18.8,Berlin,Frankfurt,2/2/2019,Boeing 474,424,152.64
Kelley,Skowcraft,9/29/2000,Male,2,27.1,Warsaw,Frankfurt,8/29/2019,Boeing 474,891,400.95
Alyson,Nayer,10/28/1976,Female,2,18.1,Frankfurt,Rome,8/6/2019,Boeing 474,959,431.55
Guntar,Struss,7/8/2010,Male,2,10.9,Paris,Frankfurt,8/4/2019,Boeing 777,479,215.55
Gregory,Bradwell,10/7/1977,Male,1,10.1,Chicago,Tokio,2/2/2019,Boeing 474,10152,3654.72
Berny,Skey,8/29/1976,Female,2,14.7,Tokio,Berlin,7/4/2019,Boeing 737,8933,4019.85
Gerda,Targetter,9/12/1974,Female,0,35.3,Rome,Tokio,8/3/2019,Boeing 474,9874,2962.2
Brose,Seczyk,8/30/2006,Male,1,0.1,Frankfurt,Rome,12/17/2019,Boeing 737,959,345.24
Ranique,Skally,10/8/1990,Female,2,19.3,Tokio,Paris,4/11/2019,Boeing 474,9730,4378.5
Brewer,Pointon,5/12/1996,Male,2,23.8,Tokio,Warsaw,1/26/2019,Airbus A320,8595,3867.75
Sigismondo,Fodden,7/26/2004,Male,2,9.4,Rome,Paris,2/13/2019,Boeing 474,1105,497.25
Aharon,Woloschinski,3/6/2008,Male,1,9.9,Frankfurt,Chicago,9/20/2019,Boeing 737,6974,2510.64
Pen,Olyunin,8/23/1988,Female,1,20.7,London,Warsaw,10/31/2019,Airbus A330,1451,522.36
Algernon,Noell,5/5/2004,Male,0,10.7,Frankfurt,Rome,1/6/2019,Airbus A330,959,287.7
Maren,Fletcher,6/5/2010,Female,2,0.5,Chicago,Rome,10/22/2019,Airbus A320,7749,3487.05
Dionysus,McAlpine,1/1/1987,Male,2,23.0,Frankfurt,Katowice,8/26/2019,Boeing 737,737,331.65
Lee,Khadir,5/14/1994,Male,0,21.7,Chicago,New York,12/1/2019,Boeing 737,1146,343.8
Merola,Waymont,7/12/1970,Female,2,1.3,Frankfurt,Rome,11/9/2019,Boeing 474,959,431.55
Cthrine,Leonards,6/20/1993,Female,0,7.9,Frankfurt,Rome,4/28/2019,Boeing 737,959,287.7
Tressa,Sparks,6/14/1994,Female,0,14.4,New York,London,12/18/2019,Boeing 474,5578,1673.4
Rik,Sedgebeer,8/29/1991,Male,0,13.4,Katowice,Frankfurt,9/15/2019,Airbus A330,737,221.1
Ardra,Pitson,12/23/1994,Female,2,28.7,Tokio,Frankfurt,8/8/2019,Airbus A330,9349,4207.05
Essy,Reeveley,8/16/2007,Female,2,10.1,Tokio,London,6/11/2019,Boeing 474,9576,4309.2
Ivett,Beart,8/16/1994,Female,0,3.4,Frankfurt,Warsaw,10/28/2019,Boeing 737,891,267.3
Filippa,Guillem,2/22/1996,Female,0,8.9,Paris,Frankfurt,10/25/2019,Boeing 737,479,143.7
Alexi,Jaspar,10/24/2005,Female,1,0.7,London,Paris,8/6/2019,Boeing 777,344,123.84
Patty,Maclean,2/2/1974,Female,2,12.5,Katowice,Berlin,11/10/2019,Airbus A330,464,208.8
Rodie,Trebble,3/13/1993,Female,2,33.0,Berlin,Rome,11/24/2019,Boeing 737,1185,533.25
Fritz,Claxson,4/9/1972,Male,0,10.9,Tokio,Paris,5/8/2019,Airbus A330,9730,2919.0
Rolf,Redemile,8/23/1989,Male,0,11.3,Tokio,Warsaw,11/13/2019,Airbus A320,8595,2578.5
Umberto,Benettelli,3/9/1971,Male,0,11.5,Tokio,Warsaw,7/28/2019,Boeing 474,8595,2578.5
Livvy,Johnson,2/10/2007,Female,0,36.9,Berlin,Paris,7/27/2019,Airbus A330,879,263.7
Cosette,Blaver,10/30/1984,Female,0,9.3,Frankfurt,London,6/29/2019,Boeing 777,639,191.7
Bathsheba,Ranstead,1/28/1983,Female,0,3.8,Chicago,London,6/26/2019,Boeing 474,6362,1908.6
Merwin,MacNucator,11/16/2009,Male,2,22.1,Warsaw,Katowice,11/8/2019,Boeing 777,259,116.55
Alic,Kemm,12/22/1975,Male,2,5.9,Paris,Warsaw,3/18/2019,Boeing 777,1368,615.6
Clementina,Shearsby,7/30/1984,Female,1,5.3,Rome,Frankfurt,7/19/2019,Airbus A330,959,345.24
Debra,Powdrell,8/26/2010,Female,2,38.5,Katowice,Chicago,2/12/2019,Airbus A320,7556,3400.2
Edan,Dalley,5/3/1970,Male,1,29.8,Katowice,London,4/24/2019,Airbus A320,1349,485.64
Daron,Bafford,12/30/1983,Male,0,15.8,Katowice,Rome,4/6/2019,Airbus A320,1059,317.7
Annora,Giacopello,4/9/1994,Female,0,33.9,Paris,London,9/5/2019,Boeing 737,344,103.2
Robby,Willox,7/5/1998,Male,1,23.6,Paris,Frankfurt,8/26/2019,Boeing 737,479,172.44
Abagael,d'Arcy,3/24/1980,Female,1,11.3,Frankfurt,London,2/22/2019,Airbus A330,639,230.04
Mychal,Pachta,11/15/1971,Male,0,15.3,Chicago,Frankfurt,5/2/2019,Boeing 777,6974,2092.2
Whit,Kunkler,10/16/1977,Male,1,20.5,Berlin,London,12/14/2019,Airbus A320,933,335.88
Curtice,Punyer,7/18/1976,Male,1,12.9,Chicago,London,3/17/2019,Boeing 737,6362,2290.32
Sonya,Shermore,5/18/1995,Female,2,14.8,Tokio,Paris,8/11/2019,Airbus A320,9730,4378.5
Zena,Dinsell,9/3/2006,Female,0,16.6,Katowice,New York,8/26/2019,Boeing 474,6857,2057.1
Judon,Plenty,8/25/2009,Male,2,16.8,Katowice,Paris,5/10/2019,Boeing 777,1212,545.4
Trista,Ivanyushin,4/30/1980,Female,2,17.6,London,Paris,3/5/2019,Boeing 737,344,154.8
Alex,Mollindinia,6/23/2009,Female,1,35.6,Rome,London,11/4/2019,Airbus A320,1434,516.24
Jourdan,Castanaga,6/16/1978,Female,2,32.4,Tokio,Warsaw,4/4/2019,Boeing 474,8595,3867.75
Johnathan,Betancourt,4/1/2009,Male,2,25.0,London,Tokio,7/6/2019,Boeing 737,9576,4309.2
Talbert,Christophle,1/31/2010,Male,1,6.8,New York,Berlin,11/7/2019,Airbus A320,6394,2301.84
Colby,Bycraft,9/2/1982,Male,0,3.3,London,Berlin,7/7/2019,Boeing 737,933,279.9
Ximenez,Monksfield,7/28/1990,Male,1,5.2,Tokio,Paris,6/26/2019,Airbus A330,9730,3502.8
Gaspard,Rispine,11/21/1997,Male,0,5.4,Frankfurt,Tokio,1/12/2019,Boeing 474,9349,2804.7
Shandeigh,Strutz,3/28/1986,Female,2,26.9,Chicago,Warsaw,1/30/2019,Boeing 777,7522,3384.9
Skipp,Tipping,6/23/2007,Male,0,36.7,New York,Chicago,7/14/2019,Airbus A330,1146,343.8
Dylan,Brocket,6/20/1987,Male,1,6.8,Rome,Paris,11/13/2019,Boeing 777,1105,397.8
Cyndie,Genner,10/10/1971,Female,1,7.4,Warsaw,Tokio,10/4/2019,Airbus A320,8595,3094.2
Mano,Rawling,12/11/1973,Male,0,24.9,New York,Tokio,11/4/2019,Boeing 777,10864,3259.2
Arlina,Guilder,8/22/1970,Female,0,34.3,Katowice,Frankfurt,1/17/2019,Boeing 474,737,221.1
Fin,Drakers,2/17/1987,Male,0,12.7,Berlin,New York,7/8/2019,Airbus A320,6394,1918.2
Newton,Bruyet,7/24/1973,Male,1,32.7,New York,Warsaw,7/4/2019,Airbus A320,6864,2471.04
Harriott,Benallack,11/28/1973,Female,0,17.4,Rome,Warsaw,1/8/2019,Boeing 474,1318,395.4
Angela,Hodges,5/27/1971,Female,2,17.5,Frankfurt,New York,6/23/2019,Boeing 777,6211,2794.95
Kalle,Moger,12/17/1994,Male,0,1.9,Tokio,Berlin,2/25/2019,Boeing 474,8933,2679.9
Rafaello,Maypes,12/27/1979,Male,0,17.0,London,Warsaw,11/8/2019,Boeing 777,1451,435.3
Frances,Bolden,9/30/1970,Female,0,25.6,London,Paris,12/18/2019,Airbus A320,344,103.2
Garald,Kinforth,2/1/1974,Male,1,37.0,Rome,Tokio,10/11/2019,Airbus A320,9874,3554.64
Estella,Mellmer,3/1/2003,Female,2,15.4,Frankfurt,Paris,3/8/2019,Airbus A330,479,215.55
Armin,Thewless,5/29/1985,Male,0,27.4,London,Rome,12/24/2019,Airbus A330,1434,430.2
Alis,Dumphreys,4/27/2004,Female,0,39.0,Chicago,Frankfurt,6/5/2019,Boeing 474,6974,2092.2
Vi,Drivers,9/17/1970,Female,2,11.7,Tokio,Frankfurt,4/30/2019,Boeing 474,9349,4207.05
Luigi,Feron,5/22/1990,Male,1,25.5,New York,London,5/19/2019,Boeing 737,5578,2008.08
Joye,Jancic,6/14/2006,Female,2,10.7,Frankfurt,Tokio,9/24/2019,Boeing 474,9349,4207.05
Erich,Carnson,5/2/2003,Male,0,24.6,Paris,Berlin,10/29/2019,Boeing 474,879,263.7
Joseph,Quick,6/14/1986,Male,2,23.1,Chicago,Berlin,5/22/2019,Boeing 777,7093,3191.85
Brigit,Antic,7/25/1988,Female,1,36.9,Katowice,Berlin,6/5/2019,Boeing 737,464,167.04
Rikki,Boshell,4/9/2005,Female,2,10.6,Tokio,London,5/17/2019,Airbus A320,9576,4309.2
Sheila-kathryn,Darree,10/13/1970,Female,1,6.0,Frankfurt,Katowice,1/12/2019,Boeing 737,737,265.32
Honoria,Wareing,11/28/2007,Female,0,11.0,Katowice,London,7/26/2019,Boeing 777,1349,404.7
Wesley,Whimpenny,2/15/1983,Male,0,22.9,Katowice,Frankfurt,5/6/2019,Boeing 737,737,221.1
Melantha,Hulett,11/21/1991,Female,0,16.8,Warsaw,New York,6/10/2019,Airbus A330,6864,2059.2
Laurent,Lassell,1/26/2010,Male,2,24.3,Paris,London,6/18/2019,Boeing 474,344,154.8
Caterina,Barents,7/17/1988,Female,2,27.0,Chicago,Paris,2/19/2019,Boeing 777,6660,2997.0
Lorain,Cullington,5/20/1987,Female,0,6.2,Chicago,Paris,4/6/2019,Boeing 737,6660,1998.0
Lizzie,Cordova,5/4/1977,Female,0,5.8,London,Paris,4/13/2019,Airbus A330,344,103.2
Beck,Philip,11/22/1994,Male,1,7.9,Rome,Tokio,12/20/2019,Airbus A330,9874,3554.64
Nataniel,Orpwood,3/5/1970,Male,1,23.0,Chicago,Rome,12/3/2019,Boeing 474,7749,2789.64
Daphna,Cocker,9/3/1985,Female,0,19.5,Warsaw,Paris,11/4/2019,Boeing 777,1368,410.4
Zebulon,Fryers,3/9/1992,Male,0,3.9,London,Berlin,2/25/2019,Boeing 474,933,279.9
Ynes,Cuming,7/27/1998,Female,1,9.3,Tokio,Chicago,11/3/2019,Airbus A330,10152,3654.72
Pietrek,Hendonson,5/21/1987,Male,0,30.3,Rome,Chicago,10/6/2019,Boeing 474,7749,2324.7
Caprice,McIlveen,6/18/1993,Female,1,34.4,Katowice,London,1/4/2019,Boeing 474,1349,485.64
Ancell,Garrold,11/14/2007,Male,0,16.9,Paris,Tokio,3/18/2019,Boeing 474,9730,2919.0
Lauritz,Wharf,1/23/1989,Male,1,18.3,Rome,Paris,12/4/2019,Airbus A330,1105,397.8
Mitchell,Chavey,5/5/1993,Male,0,35.1,New York,Berlin,6/16/2019,Boeing 474,6394,1918.2
Hamnet,Toffolo,12/26/1987,Male,1,4.0,Frankfurt,Paris,12/27/2019,Boeing 777,479,172.44
Herold,Bugg,5/11/2009,Male,2,36.5,Paris,New York,12/28/2019,Airbus A320,5845,2630.25
Maurizia,Colliar,3/23/2006,Female,1,9.6,Frankfurt,Katowice,6/5/2019,Airbus A330,737,265.32
Karylin,O'Sesnane,6/24/1989,Female,0,15.8,Berlin,Warsaw,8/14/2019,Airbus A320,518,155.4
Arnie,Berni,1/30/2007,Male,2,14.3,Berlin,Chicago,7/22/2019,Boeing 777,7093,3191.85
Galvan,Whitsun,11/25/1978,Male,0,10.8,Chicago,New York,11/29/2019,Airbus A330,1146,343.8
Kay,Renehan,8/31/1973,Female,2,8.8,Rome,Tokio,11/17/2019,Boeing 474,9874,4443.3
Dael,Giannazzi,11/29/1996,Female,1,32.6,Frankfurt,Tokio,4/8/2019,Boeing 474,9349,3365.64
Penny,Spancock,7/9/1979,Female,1,19.0,Katowice,Frankfurt,8/24/2019,Boeing 737,737,265.32
Imelda,Duham,1/18/1984,Female,0,7.8,London,Tokio,12/16/2019,Airbus A320,9576,2872.8
Sherye,Hanburry,4/20/2009,Female,2,13.7,Rome,Chicago,6/21/2019,Boeing 777,7749,3487.05
Giusto,Bawme,10/25/2004,Male,0,3.9,New York,Frankfurt,9/2/2019,Boeing 737,6211,1863.3
Dex,Siseland,6/17/1982,Male,0,37.5,Katowice,Chicago,4/11/2019,Airbus A330,7556,2266.8
Noland,Greenlies,8/13/1976,Male,0,20.4,London,Paris,12/18/2019,Airbus A330,344,103.2
Jed,Worboys,1/11/2002,Male,1,5.3,Chicago,Tokio,10/22/2019,Airbus A330,10152,3654.72
Nelson,Hurdidge,12/12/1976,Male,2,18.1,Tokio,New York,8/15/2019,Airbus A330,10864,4888.8
Any,Bushill,3/15/1977,Male,2,26.1,Chicago,London,10/29/2019,Airbus A320,6362,2862.9
Cheri,Dawton,10/15/1998,Female,0,6.9,Chicago,Frankfurt,4/16/2019,Boeing 474,6974,2092.2
Devon,Wylie,5/1/1974,Female,1,19.0,London,Chicago,6/22/2019,Boeing 737,6362,2290.32
Yelena,Lathaye,7/24/1992,Female,2,3.1,London,Paris,5/2/2019,Boeing 737,344,154.8
Tracy,Sabine,7/23/1970,Female,2,33.3,Warsaw,Frankfurt,2/3/2019,Airbus A320,891,400.95
Rodi,Graveney,1/19/1983,Female,0,7.3,New York,Tokio,10/25/2019,Boeing 474,10864,3259.2
Maribelle,Tonsley,3/18/2008,Female,2,29.3,Warsaw,Tokio,2/16/2019,Boeing 777,8595,3867.75
Kelly,McIlwrath,1/14/2005,Male,0,30.3,Tokio,Warsaw,10/16/2019,Boeing 737,8595,2578.5
Tiffy,Littlekit,4/3/1978,Female,0,11.7,Berlin,Rome,3/2/2019,Boeing 737,1185,355.5
Enrika,Josskovitz,7/11/1973,Female,0,12.3,Chicago,Katowice,11/16/2019,Boeing 737,7556,2266.8
Osgood,Vine,8/31/1998,Male,0,32.4,Berlin,Chicago,12/13/2019,Airbus A330,7093,2127.9
Niko,Dowle,8/22/2003,Male,0,37.1,Paris,Berlin,4/8/2019,Boeing 777,879,263.7
Buffy,Tunnicliffe,2/25/1997,Female,1,35.5,Warsaw,London,3/21/2019,Boeing 737,1451,522.36
Wynn,Sweett,3/19/1993,Female,0,33.7,Frankfurt,Katowice,11/9/2019,Airbus A320,737,221.1
Dianne,Cleevely,4/30/2002,Female,0,1.2,London,New York,9/17/2019,Boeing 474,5578,1673.4
Alex,Coxen,12/10/1982,Male,2,29.8,Chicago,Paris,11/1/2019,Airbus A320,6660,2997.0
Ber,Clinning,10/7/1998,Male,0,27.9,Chicago,Frankfurt,10/4/2019,Boeing 737,6974,2092.2
Kiley,Gathercoal,1/13/2000,Female,0,25.8,Frankfurt,Rome,11/11/2019,Boeing 737,959,287.7
Devan,Fessier,3/18/1982,Female,2,15.1,New York,Paris,2/12/2019,Boeing 777,5845,2630.25
Marchall,Cuddon,3/25/1986,Male,1,18.5,Tokio,Rome,4/15/2019,Boeing 474,9874,3554.64
Dugald,Huxley,3/31/1988,Male,0,20.3,Katowice,Warsaw,4/8/2019,Boeing 777,259,77.7
Julio,Maylour,12/27/1999,Male,2,31.3,Paris,Berlin,3/12/2019,Airbus A320,879,395.55
Bradford,O' Connell,8/28/2009,Male,1,25.5,Berlin,Paris,3/6/2019,Boeing 474,879,316.44
Stafford,Laxson,1/7/2001,Male,0,6.1,Chicago,Rome,1/14/2019,Boeing 777,7749,2324.7
Peyter,Lockart,12/7/1975,Male,2,11.2,Paris,Rome,5/9/2019,Boeing 777,1105,497.25
Frederik,Spink,11/29/1993,Male,2,23.7,Katowice,London,2/27/2019,Boeing 474,1349,607.05
Clari,Kopelman,5/18/2010,Female,1,31.8,London,Chicago,12/3/2019,Boeing 474,6362,2290.32
Maury,Henworth,10/31/1991,Male,1,35.0,New York,London,5/4/2019,Boeing 474,5578,2008.08
Freeman,Gisbey,3/28/1999,Male,1,32.9,Paris,New York,5/6/2019,Airbus A330,5845,2104.2
Jamill,Karlsen,4/15/1991,Male,1,6.9,Frankfurt,Tokio,10/25/2019,Boeing 777,9349,3365.64
Chrisy,Tayloe,9/14/1983,Male,0,26.1,Paris,New York,7/21/2019,Airbus A330,5845,1753.5
Babara,Measham,2/20/1986,Female,2,8.6,Chicago,Berlin,11/19/2019,Boeing 737,7093,3191.85
Haroun,McGinney,12/4/1982,Male,0,6.8,Chicago,London,1/31/2019,Boeing 737,6362,1908.6
Markus,Fordyce,5/28/1995,Male,1,25.1,Rome,Paris,9/8/2019,Boeing 737,1105,397.8
Rianon,Yearne,2/3/2002,Female,1,31.7,Tokio,Berlin,9/24/2019,Airbus A320,8933,3215.88
Gabie,Bischop,8/31/1993,Male,2,10.1,London,Rome,7/30/2019,Airbus A320,1434,645.3
Luise,Galia,5/14/2009,Female,1,4.3,London,Rome,12/23/2019,Boeing 777,1434,516.24
Burnaby,Jorger,3/26/1986,Male,1,10.2,Berlin,Tokio,1/9/2019,Airbus A330,8933,3215.88
Angus,Feldberger,3/4/2002,Male,0,35.7,Rome,Berlin,4/28/2019,Boeing 737,1185,355.5
Christabel,Blackleech,11/20/2002,Female,0,20.4,Chicago,Tokio,1/9/2019,Boeing 777,10152,3045.6
Max,Laurenzi,10/15/1993,Female,1,6.2,London,Berlin,2/27/2019,Boeing 777,933,335.88
Lara,Minot,6/23/1979,Female,1,5.9,New York,Tokio,3/3/2019,Airbus A320,10864,3911.04
Kale,Dray,5/23/1990,Male,2,29.8,New York,Tokio,2/16/2019,Airbus A330,10864,4888.8
Francklyn,Tureville,6/23/2009,Male,1,8.2,Tokio,Warsaw,3/24/2019,Boeing 737,8595,3094.2
Ramonda,Shutt,10/16/2005,Female,1,7.0,New York,Paris,7/18/2019,Airbus A330,5845,2104.2
Aili,MacNair,6/11/1977,Female,0,21.8,New York,Rome,2/14/2019,Airbus A330,6897,2069.1
Isaiah,Merritt,6/24/1978,Male,2,18.6,Tokio,Katowice,2/10/2019,Airbus A320,8846,3980.7
Sherlocke,Van den Dael,11/15/1989,Male,1,0.3,Berlin,Warsaw,7/16/2019,Boeing 737,518,186.48
Idaline,Romer,10/20/1974,Female,2,5.6,Warsaw,Rome,6/1/2019,Boeing 777,1318,593.1
Jackie,Cancelier,2/27/2007,Female,2,33.2,Chicago,Tokio,3/24/2019,Boeing 474,10152,4568.4
Chucho,Croxford,2/26/2002,Male,1,33.8,London,Warsaw,9/30/2019,Airbus A330,1451,522.36
Faun,Baysting,5/28/2008,Female,1,11.7,Frankfurt,Katowice,6/10/2019,Boeing 777,737,265.32
Marianna,Sowden,11/16/1971,Female,0,11.9,New York,Frankfurt,9/2/2019,Boeing 777,6211,1863.3
Teriann,Soars,12/2/1992,Female,1,27.0,Chicago,Katowice,6/28/2019,Boeing 474,7556,2720.16
Gregory,Andriessen,3/11/1995,Male,1,0.9,Chicago,Frankfurt,7/14/2019,Boeing 474,6974,2510.64
Pascal,Lafflina,5/8/2006,Male,0,32.2,Rome,Berlin,7/21/2019,Boeing 737,1185,355.5
Janette,Jarvis,8/5/1998,Female,1,31.5,Warsaw,Berlin,11/3/2019,Boeing 474,518,186.48
Vergil,Deadman,1/9/1994,Male,0,23.4,Tokio,Rome,1/9/2019,Boeing 777,9874,2962.2
Saleem,Iacopetti,12/31/1984,Male,1,4.9,Rome,Paris,7/12/2019,Airbus A330,1105,397.8
Eva,Elvy,8/12/2003,Female,2,20.3,Chicago,Paris,12/19/2019,Airbus A330,6660,2997.0
Ozzy,Gaenor,2/16/1994,Male,0,23.4,London,Warsaw,1/10/2019,Airbus A320,1451,435.3
Anna,Engledow,2/17/1990,Female,0,0.4,Berlin,Warsaw,3/26/2019,Airbus A320,518,155.4
Tedman,Faucett,7/9/2010,Male,2,32.3,Berlin,New York,1/27/2019,Boeing 777,6394,2877.3
Marietta,Cawdell,8/19/1997,Male,0,32.6,New York,Tokio,9/6/2019,Boeing 777,10864,3259.2
Laurette,Casewell,5/21/1996,Female,2,26.8,Warsaw,Tokio,10/6/2019,Airbus A330,8595,3867.75
Kalila,Hurdwell,3/9/1974,Female,0,25.5,Tokio,Katowice,8/12/2019,Airbus A320,8846,2653.8
Bunni,Bever,10/20/1978,Female,0,0.4,Berlin,Katowice,8/5/2019,Airbus A320,464,139.2
Quintus,Twaits,2/7/1970,Male,1,26.2,London,Chicago,7/1/2019,Boeing 474,6362,2290.32
Misty,McPhee,9/2/2008,Female,1,36.0,Berlin,New York,12/4/2019,Boeing 737,6394,2301.84
My,Pothecary,12/1/1983,Male,1,33.2,Warsaw,London,2/27/2019,Airbus A330,1451,522.36
Katheryn,Morbey,4/19/1976,Female,1,5.1,London,Frankfurt,12/1/2019,Airbus A330,639,230.04
Torrence,Lagden,1/13/1982,Male,1,31.2,Frankfurt,Tokio,10/13/2019,Airbus A320,9349,3365.64
Othilie,Pegg,6/29/1979,Female,1,35.4,Chicago,Tokio,2/9/2019,Boeing 777,10152,3654.72
Serene,Laughren,4/21/2009,Female,2,12.4,London,Tokio,10/30/2019,Boeing 474,9576,4309.2
Harlin,Crotty,9/1/1972,Male,2,34.6,Paris,Frankfurt,10/29/2019,Airbus A320,479,215.55
Ettore,Freed,3/9/1995,Male,0,15.7,Berlin,Frankfurt,1/30/2019,Boeing 474,424,127.2
Lucienne,Hagger,8/15/1970,Female,1,38.7,Tokio,Berlin,5/28/2019,Boeing 737,8933,3215.88
Lynde,Palfreeman,1/26/1994,Female,1,37.0,Tokio,Paris,12/2/2019,Boeing 474,9730,3502.8
Germain,Weine,6/12/1986,Male,0,18.2,Frankfurt,Rome,4/11/2019,Boeing 737,959,287.7
Fidole,Ends,11/9/1986,Male,2,27.3,London,Chicago,2/21/2019,Boeing 474,6362,2862.9
Tallie,Cornew,1/30/1987,Female,0,20.9,Chicago,London,4/29/2019,Boeing 737,6362,1908.6
Bearnard,Mattea,3/3/1993,Male,2,31.8,Paris,Katowice,9/23/2019,Airbus A330,1212,545.4
Augusta,McGow,5/14/1990,Female,2,5.6,Frankfurt,Rome,11/13/2019,Airbus A320,959,431.55
Fannie,Barcke,6/11/2001,Female,1,3.9,Berlin,Katowice,6/8/2019,Boeing 474,464,167.04
Derrik,O'Mara,10/5/2004,Male,2,6.5,Tokio,New York,9/9/2019,Airbus A320,10864,4888.8
Duky,Drohan,5/13/2008,Male,1,36.5,New York,Rome,8/26/2019,Airbus A320,6897,2482.92
Tory,Feather,9/16/2008,Female,1,24.2,Warsaw,London,5/15/2019,Airbus A330,1451,522.36
Harlan,Blakesley,12/10/1991,Male,1,4.1,Berlin,Rome,1/8/2019,Boeing 474,1185,426.6
Milka,Cordery,11/27/1979,Female,1,19.9,Chicago,Berlin,7/5/2019,Airbus A320,7093,2553.48
Amanda,Drinkall,11/30/1988,Female,0,17.9,New York,Warsaw,1/26/2019,Airbus A320,6864,2059.2
Mina,Datte,6/18/1983,Female,1,7.1,Frankfurt,London,9/17/2019,Boeing 777,639,230.04
Warden,Barras,4/22/1990,Male,0,15.1,Paris,Frankfurt,1/1/2019,Boeing 777,479,143.7
Jenn,Fawthrop,10/22/2005,Female,1,5.3,Chicago,Katowice,8/22/2019,Boeing 737,7556,2720.16
Templeton,Paulet,5/27/1995,Male,2,1.0,Tokio,Rome,1/23/2019,Boeing 777,9874,4443.3
Lyle,Darbishire,2/25/1974,Male,2,34.0,Katowice,Tokio,4/22/2019,Airbus A320,8846,3980.7
Brianna,McLice,3/24/1990,Female,1,26.6,Berlin,London,10/16/2019,Airbus A320,933,335.88
Wilie,Filip,8/8/1991,Female,1,14.4,Paris,Berlin,8/29/2019,Boeing 737,879,316.44
Hew,Deering,2/18/1995,Male,1,7.5,Frankfurt,Katowice,8/28/2019,Boeing 737,737,265.32
Franciskus,Polland,5/15/1977,Male,2,35.7,London,Chicago,12/23/2019,Airbus A330,6362,2862.9
Almeta,Jonathon,4/13/1970,Female,1,20.5,London,New York,10/29/2019,Airbus A330,5578,2008.08
Alvis,Kington,11/2/2006,Male,1,4.0,Tokio,London,11/26/2019,Airbus A330,9576,3447.36
Chad,Rodrigues,7/19/1984,Female,1,35.8,Tokio,Rome,10/26/2019,Airbus A330,9874,3554.64
Romola,Draude,3/5/1983,Female,2,27.8,Warsaw,Rome,9/26/2019,Boeing 777,1318,593.1
Shawn,Fuchs,12/20/1988,Male,0,32.2,Chicago,Tokio,8/25/2019,Boeing 777,10152,3045.6
Shurlock,Haseldine,4/12/1981,Male,1,8.4,Paris,Frankfurt,11/14/2019,Boeing 737,479,172.44
Luther,Longmate,7/18/1996,Male,0,21.5,Warsaw,Tokio,4/30/2019,Boeing 777,8595,2578.5
Bella,Copozio,12/7/1997,Female,1,27.8,London,Rome,5/26/2019,Boeing 737,1434,516.24
Emilie,Setterington,1/5/1971,Female,2,37.7,Chicago,Tokio,1/28/2019,Boeing 777,10152,4568.4
Ashley,Hymer,4/30/1974,Female,2,3.6,New York,Katowice,8/13/2019,Boeing 777,6857,3085.65
Vicky,Mahedy,5/6/1986,Female,0,34.3,Rome,Frankfurt,12/17/2019,Boeing 474,959,287.7
Gil,Bittlestone,7/18/1990,Male,0,13.3,Chicago,London,1/22/2019,Boeing 474,6362,1908.6
Ginger,Cannan,1/17/1996,Male,2,31.5,Tokio,Berlin,11/30/2019,Airbus A320,8933,4019.85
Estelle,Maurice,2/19/1991,Female,0,22.8,New York,Rome,6/7/2019,Boeing 474,6897,2069.1
Toby,Gonneau,7/30/1985,Male,2,0.6,Warsaw,Tokio,1/10/2019,Boeing 474,8595,3867.75
Hurleigh,German,10/24/1971,Male,1,29.4,Rome,Paris,10/2/2019,Boeing 474,1105,397.8
Kennie,Edser,6/14/1993,Male,0,25.5,Rome,Paris,6/23/2019,Airbus A320,1105,331.5
Nehemiah,Tittletross,10/26/1999,Male,0,26.4,Warsaw,New York,3/25/2019,Airbus A330,6864,2059.2
Romola,Minshaw,5/26/1995,Female,0,30.9,Rome,Frankfurt,3/14/2019,Airbus A320,959,287.7
Fanny,Roke,1/29/2010,Female,1,25.5,Katowice,Frankfurt,5/30/2019,Airbus A330,737,265.32
Aubrie,Eyeington,7/26/2003,Female,0,34.4,New York,Paris,1/5/2019,Boeing 737,5845,1753.5
Latisha,Braune,12/2/1986,Female,0,23.9,London,New York,8/1/2019,Airbus A330,5578,1673.4
Brittaney,Spurett,12/19/2000,Female,0,3.7,New York,Rome,4/24/2019,Boeing 474,6897,2069.1
Mollie,Velten,7/2/1987,Female,0,14.6,Chicago,Warsaw,8/31/2019,Airbus A330,7522,2256.6
Lock,Sarginson,3/20/1974,Male,2,19.3,Berlin,Chicago,9/7/2019,Boeing 737,7093,3191.85
Shadow,Thoresbie,9/26/1981,Male,1,37.3,Frankfurt,Tokio,8/14/2019,Boeing 737,9349,3365.64
Roderic,Maile,10/11/1989,Male,0,26.2,Paris,Katowice,4/25/2019,Boeing 474,1212,363.6
Alley,MacTerrelly,7/23/2004,Male,1,28.4,Berlin,New York,8/27/2019,Airbus A330,6394,2301.84
Armando,Sich,1/19/1990,Male,2,15.0,Tokio,Warsaw,10/14/2019,Airbus A320,8595,3867.75
Dosi,Freshwater,7/26/2005,Female,1,16.3,Rome,Katowice,7/27/2019,Airbus A330,1059,381.24
Araldo,Huston,9/2/1977,Male,2,18.5,Tokio,Katowice,10/29/2019,Airbus A330,8846,3980.7
Corine,Poppleton,10/10/1995,Female,1,18.5,London,Paris,11/4/2019,Airbus A330,344,123.84
Murdoch,Abrahamoff,7/17/1999,Male,0,13.4,Rome,London,11/30/2019,Airbus A330,1434,430.2
Eugenius,O'Carran,4/21/1976,Male,2,37.3,Warsaw,Berlin,1/24/2019,Airbus A330,518,233.1
Neile,Quantrill,9/17/1971,Female,0,4.5,Frankfurt,Berlin,1/13/2019,Airbus A330,424,127.2
Steffen,Graith,9/11/2003,Male,0,15.5,New York,Paris,6/8/2019,Airbus A320,5845,1753.5
Roderigo,Swanston,11/8/1984,Male,1,21.3,New York,London,4/21/2019,Boeing 474,5578,2008.08
Alvan,De Fraine,3/16/2003,Male,0,31.4,Paris,Warsaw,8/1/2019,Boeing 777,1368,410.4
Pierson,Townsend,12/23/1996,Male,1,1.2,Berlin,New York,8/2/2019,Boeing 737,6394,2301.84
Isabel,Cottesford,4/27/1992,Female,2,19.1,Tokio,London,2/2/2019,Boeing 737,9576,4309.2
Roger,Kenworthey,8/26/1982,Male,1,2.0,Chicago,New York,8/26/2019,Boeing 737,1146,412.56
Danica,Chamberlayne,4/25/1976,Female,0,3.9,Rome,Warsaw,2/8/2019,Boeing 777,1318,395.4
Juliane,Stratz,8/1/1977,Female,2,30.0,London,Berlin,3/14/2019,Boeing 737,933,419.85
Chick,Mogie,11/30/1984,Male,0,35.1,Berlin,New York,11/19/2019,Airbus A320,6394,1918.2
Cecelia,McLane,9/5/1973,Female,1,22.5,Rome,New York,12/6/2019,Airbus A320,6897,2482.92
Joanie,Walklate,11/24/2003,Female,1,37.7,Berlin,Katowice,6/30/2019,Airbus A320,464,167.04
Nathalie,Dyne,6/12/1996,Female,1,29.9,London,Berlin,10/13/2019,Boeing 737,933,335.88
Gwenette,Kolodziej,12/10/1994,Female,0,37.9,London,Rome,11/29/2019,Boeing 737,1434,430.2
Goldarina,Disley,11/16/1993,Female,1,5.3,Katowice,Rome,7/28/2019,Boeing 777,1059,381.24
Harlan,Diggles,8/30/1988,Male,2,8.7,London,New York,6/28/2019,Airbus A320,5578,2510.1
Dierdre,Deluze,2/27/1972,Female,0,28.9,London,Frankfurt,9/30/2019,Boeing 737,639,191.7
Ferris,Heenan,6/25/1993,Male,0,3.0,Warsaw,Berlin,6/11/2019,Boeing 777,518,155.4
Teena,Kyncl,2/28/1975,Female,1,6.0,Rome,Frankfurt,9/16/2019,Boeing 474,959,345.24
Jerry,Ades,4/25/1983,Female,0,10.1,Frankfurt,Katowice,6/29/2019,Boeing 777,737,221.1
Tymothy,Franceschino,11/6/1995,Male,1,33.1,Berlin,Rome,2/17/2019,Airbus A320,1185,426.6
Gaspar,Feakins,10/5/1987,Male,2,18.2,Frankfurt,Rome,11/7/2019,Boeing 474,959,431.55
Eal,Mitten,7/8/2007,Male,1,37.0,Paris,Rome,12/24/2019,Boeing 474,1105,397.8
Irwin,Gillise,5/12/1991,Male,0,35.6,New York,Berlin,7/18/2019,Airbus A330,6394,1918.2
Luca,Dunrige,8/27/1979,Male,0,24.0,Frankfurt,Rome,8/13/2019,Boeing 474,959,287.7
Gilbert,Fireman,8/15/1983,Male,1,8.4,Tokio,Frankfurt,5/27/2019,Airbus A330,9349,3365.64
Lorrin,Belford,4/7/1985,Female,2,34.9,Tokio,Berlin,1/18/2019,Airbus A330,8933,4019.85
Angeline,McIlmurray,6/18/1976,Female,1,34.1,Paris,Frankfurt,11/19/2019,Boeing 737,479,172.44
Emerson,Sperrett,5/1/1990,Male,1,5.6,Warsaw,Tokio,12/26/2019,Boeing 737,8595,3094.2
Hendrik,Butting,12/30/1998,Male,2,34.2,Rome,Chicago,6/29/2019,Airbus A330,7749,3487.05
Faber,MacGorrie,7/24/1985,Male,0,4.2,Frankfurt,Chicago,7/4/2019,Boeing 777,6974,2092.2
Christie,Soames,8/23/1993,Male,0,19.9,Tokio,London,2/20/2019,Boeing 777,9576,2872.8
Vonni,Thornally,1/11/1995,Female,2,23.3,Frankfurt,Tokio,1/14/2019,Boeing 777,9349,4207.05
Kerstin,Sillick,3/17/1987,Female,0,23.5,Paris,London,4/21/2019,Airbus A330,344,103.2
Laurice,Domm,5/24/2004,Female,1,0.9,Paris,Berlin,7/28/2019,Boeing 777,879,316.44
Isidor,Bramwell,3/13/2004,Male,2,14.2,Paris,Warsaw,7/17/2019,Boeing 474,1368,615.6
Axel,MacArthur,4/16/1996,Male,2,17.4,Rome,Tokio,3/10/2019,Airbus A330,9874,4443.3
Zollie,McCahey,11/17/2000,Male,0,35.4,Katowice,Tokio,12/12/2019,Airbus A330,8846,2653.8
El,Ffoulkes,5/20/2000,Male,2,26.8,Warsaw,Katowice,7/3/2019,Boeing 737,259,116.55
Paulie,Wisby,12/3/1995,Male,0,31.2,Chicago,Katowice,9/15/2019,Boeing 474,7556,2266.8
Viki,Forde,3/5/1981,Female,2,32.1,New York,Katowice,7/29/2019,Airbus A320,6857,3085.65
Felicle,Ludovico,8/2/1979,Female,1,37.5,London,Paris,5/10/2019,Boeing 737,344,123.84
Delores,Tattersall,2/1/1984,Female,1,15.8,Rome,Paris,9/27/2019,Boeing 474,1105,397.8
Elfreda,Broy,3/12/1972,Female,1,7.9,Warsaw,Paris,4/11/2019,Boeing 474,1368,492.48
Denise,Carstairs,7/12/1995,Female,1,20.5,Berlin,Paris,12/26/2019,Boeing 777,879,316.44
Krista,Meneur,10/11/2001,Female,1,25.0,Paris,Frankfurt,7/6/2019,Airbus A320,479,172.44
Ozzy,Morrill,6/3/2008,Male,1,27.5,Tokio,Warsaw,2/7/2019,Boeing 474,8595,3094.2
Noami,Utteridge,1/8/2007,Female,1,20.6,Rome,Warsaw,6/14/2019,Airbus A320,1318,474.48
Lizbeth,Talloe,5/4/1975,Female,2,19.5,London,Chicago,11/23/2019,Airbus A330,6362,2862.9
Chandal,Laundon,9/29/1975,Female,2,38.3,Paris,Frankfurt,10/6/2019,Boeing 737,479,215.55
Salim,Force,6/17/1989,Male,0,16.3,Warsaw,Chicago,3/26/2019,Boeing 737,7522,2256.6
Preston,Giacaponi,6/22/1983,Male,2,31.7,Chicago,Katowice,9/6/2019,Boeing 474,7556,3400.2
Conrado,Creaser,6/13/1976,Male,1,12.8,Tokio,Frankfurt,11/5/2019,Boeing 474,9349,3365.64
Artus,Abrahamsson,2/17/1974,Male,0,15.6,Berlin,London,3/20/2019,Boeing 737,933,279.9
Matthieu,Dollimore,2/14/1973,Male,1,36.1,New York,Berlin,1/30/2019,Airbus A330,6394,2301.84
Ernestus,Bucknall,7/23/2006,Male,1,12.3,London,Rome,4/19/2019,Airbus A330,1434,516.24
Dame,Clare,10/15/1996,Male,1,9.2,Warsaw,Chicago,5/11/2019,Airbus A330,7522,2707.92
Vergil,Tollit,11/24/2001,Male,1,23.4,Tokio,Chicago,7/29/2019,Airbus A320,10152,3654.72
Fabe,Foddy,1/5/1973,Male,1,34.4,Berlin,London,2/4/2019,Boeing 737,933,335.88
Ahmad,Sedgeworth,6/23/1982,Male,2,6.0,Frankfurt,London,7/24/2019,Boeing 737,639,287.55
Amberly,Stachini,10/16/1977,Female,0,22.5,Katowice,Rome,10/20/2019,Boeing 474,1059,317.7
Reggy,Witham,2/2/1982,Male,0,6.0,Chicago,Katowice,8/20/2019,Boeing 737,7556,2266.8
Buddy,Knivett,10/2/1982,Male,0,31.6,Paris,Berlin,11/9/2019,Airbus A320,879,263.7
Alair,Agates,1/15/1981,Male,0,1.4,London,Katowice,5/7/2019,Airbus A320,1349,404.7
Dareen,Laval,8/24/1996,Female,1,1.0,Chicago,Frankfurt,6/30/2019,Airbus A320,6974,2510.64
Florance,Slimings,10/26/1999,Female,1,21.0,Warsaw,London,9/22/2019,Boeing 737,1451,522.36
Harley,Shippard,11/9/2001,Male,0,30.9,New York,Rome,1/30/2019,Airbus A320,6897,2069.1
Morie,Itter,5/31/1974,Male,2,22.0,London,Katowice,1/27/2019,Boeing 777,1349,607.05
Joceline,Okenden,2/14/1975,Female,1,8.5,Berlin,Tokio,11/7/2019,Airbus A330,8933,3215.88
Justin,Albany,9/9/1992,Male,0,5.3,Frankfurt,Paris,12/14/2019,Boeing 474,479,143.7
Tiler,Fenelon,3/21/2004,Male,2,23.5,Tokio,Paris,7/27/2019,Boeing 737,9730,4378.5
Fiorenze,Look,6/6/2000,Female,0,3.0,Paris,London,12/21/2019,Boeing 474,344,103.2
Panchito,Insko,8/6/1996,Male,0,12.2,Paris,Tokio,2/22/2019,Boeing 777,9730,2919.0
Yorgos,Brewins,6/3/2000,Male,0,36.8,Warsaw,Rome,12/28/2019,Boeing 777,1318,395.4
Louisette,Mewton,12/11/2001,Female,2,24.4,Tokio,New York,5/6/2019,Airbus A330,10864,4888.8
Karolina,Lingfoot,5/10/1996,Female,1,34.9,Katowice,Paris,2/27/2019,Airbus A330,1212,436.32
Theodor,Prendeville,4/22/2007,Male,0,37.9,Warsaw,London,12/28/2019,Airbus A330,1451,435.3
Lexy,O' Scallan,8/25/1982,Female,0,19.4,Chicago,Frankfurt,6/10/2019,Boeing 474,6974,2092.2
Randy,Wailes,12/23/1999,Male,2,38.2,Chicago,Berlin,10/18/2019,Airbus A320,7093,3191.85
Timotheus,Ashall,6/5/1998,Male,2,21.1,London,Rome,6/20/2019,Airbus A320,1434,645.3
Delano,Askie,11/1/2005,Male,2,9.2,Katowice,New York,5/18/2019,Boeing 737,6857,3085.65
Olin,Guilbert,3/31/1982,Male,2,22.2,Frankfurt,London,4/29/2019,Boeing 474,639,287.55
Florencia,Leith,6/21/1993,Female,2,13.7,Katowice,New York,5/14/2019,Airbus A330,6857,3085.65
Heida,Burdis,11/10/2003,Female,0,10.4,Berlin,Paris,12/4/2019,Airbus A320,879,263.7
Lari,Hanvey,4/18/1985,Female,1,29.6,New York,Rome,10/15/2019,Boeing 474,6897,2482.92
Daria,Sagrott,4/16/1998,Female,0,10.3,Paris,Berlin,2/2/2019,Boeing 737,879,263.7
Kennan,Robilart,9/27/1999,Male,0,36.1,Warsaw,Tokio,9/23/2019,Boeing 474,8595,2578.5
Ebony,Crossfeld,3/9/1973,Female,2,17.3,Berlin,Tokio,9/13/2019,Airbus A330,8933,4019.85
Jorie,Cashley,6/24/1993,Female,0,25.4,Rome,Berlin,8/19/2019,Airbus A330,1185,355.5
Umeko,Dufore,10/30/1973,Female,2,32.0,Katowice,New York,7/23/2019,Airbus A320,6857,3085.65
Gottfried,Sambidge,7/11/1985,Male,1,15.4,New York,Warsaw,5/19/2019,Airbus A320,6864,2471.04
Maryanne,Call,1/11/1997,Female,1,19.7,Katowice,Tokio,12/3/2019,Boeing 737,8846,3184.56
Minetta,McKane,3/26/1986,Female,1,2.8,London,Katowice,4/6/2019,Boeing 777,1349,485.64
Neille,Rapelli,1/18/1984,Female,0,2.3,Warsaw,Rome,5/8/2019,Airbus A320,1318,395.4
Derk,Posnette,3/1/2002,Male,0,32.0,Paris,Chicago,8/12/2019,Airbus A330,6660,1998.0
Betteanne,Suttill,3/3/2001,Female,0,8.1,Chicago,Katowice,3/21/2019,Boeing 737,7556,2266.8
Adolph,Fawson,12/31/1988,Male,1,21.7,London,Katowice,7/31/2019,Boeing 474,1349,485.64
Loreen,Giacaponi,2/12/1979,Female,1,6.8,Chicago,Berlin,11/29/2019,Airbus A320,7093,2553.48
Patrice,Barnham,4/1/1990,Male,2,9.3,Katowice,Tokio,2/6/2019,Airbus A320,8846,3980.7
Benjamin,Radden,7/29/1972,Male,1,37.3,Frankfurt,Rome,3/28/2019,Airbus A330,959,345.24
Hall,Crole,8/2/1986,Male,2,25.9,Warsaw,Tokio,9/14/2019,Boeing 737,8595,3867.75
Moira,Conklin,7/25/1996,Female,2,27.6,Tokio,Katowice,8/7/2019,Boeing 474,8846,3980.7
Emerson,Gothrup,7/19/1980,Male,1,35.6,New York,Katowice,11/26/2019,Boeing 777,6857,2468.52
Joya,Rickards,12/3/1992,Female,0,22.9,Frankfurt,London,12/4/2019,Boeing 474,639,191.7
Nariko,Brophy,7/17/1971,Female,0,36.3,Warsaw,Katowice,1/18/2019,Boeing 777,259,77.7
Eliot,Coase,6/26/1974,Male,0,0.3,Katowice,London,5/28/2019,Airbus A320,1349,404.7
Kessia,Kaufman,4/1/1976,Female,2,0.2,New York,Chicago,4/13/2019,Airbus A320,1146,515.7
Mendie,Spieck,12/31/2006,Male,1,31.9,Katowice,London,10/24/2019,Airbus A320,1349,485.64
Elinore,Baly,2/8/1988,Female,0,26.4,London,Warsaw,6/6/2019,Boeing 777,1451,435.3
Rex,Shellcross,8/12/1984,Male,0,24.4,Tokio,New York,5/17/2019,Boeing 737,10864,3259.2
Corabelle,Mackieson,1/31/1978,Female,1,38.0,Katowice,Rome,11/28/2019,Boeing 474,1059,381.24
Frasquito,Glasard,6/2/1987,Male,0,31.9,Frankfurt,London,9/20/2019,Airbus A330,639,191.7
Fancie,Jory,2/28/2000,Female,1,8.1,Frankfurt,Berlin,9/20/2019,Boeing 777,424,152.64
Leandra,Elsby,3/27/1976,Female,0,6.4,Tokio,London,3/13/2019,Airbus A330,9576,2872.8
Juline,Kyneton,1/15/2009,Female,1,32.9,Tokio,Warsaw,7/21/2019,Boeing 474,8595,3094.2
Quintus,Berwick,12/14/1989,Male,0,20.1,Paris,Warsaw,5/5/2019,Boeing 777,1368,410.4
Ban,Vittet,5/5/2005,Male,1,26.4,Warsaw,London,3/1/2019,Boeing 474,1451,522.36
Ferrell,Bumfrey,12/1/1970,Male,0,6.5,Tokio,New York,9/26/2019,Airbus A330,10864,3259.2
Britta,Dooland,2/8/2007,Female,0,24.5,Chicago,Katowice,3/23/2019,Airbus A330,7556,2266.8
Sasha,Beaument,9/4/2004,Male,1,16.6,Paris,Katowice,3/9/2019,Boeing 777,1212,436.32
Ezequiel,Delaprelle,7/31/1988,Male,2,14.7,Rome,Tokio,4/13/2019,Boeing 777,9874,4443.3
Dahlia,Skaife d'Ingerthorpe,1/18/1998,Female,2,6.8,Warsaw,Paris,5/16/2019,Airbus A330,1368,615.6
Marcy,Wyche,10/10/1984,Female,0,9.2,Warsaw,Tokio,1/1/2019,Boeing 737,8595,2578.5
Fredra,Mergue,10/8/2005,Female,2,27.8,Chicago,Frankfurt,5/25/2019,Boeing 777,6974,3138.3
Ber,Bridgwood,7/11/1991,Male,1,8.5,Chicago,New York,10/21/2019,Boeing 737,1146,412.56
Ingelbert,Merrydew,1/30/1981,Male,1,0.3,Frankfurt,Rome,11/5/2019,Airbus A320,959,345.24
Daryl,Logsdale,8/13/1992,Male,0,38.4,Berlin,Chicago,12/11/2019,Boeing 737,7093,2127.9
Angeli,Bosward,7/1/1997,Male,0,5.7,Frankfurt,Paris,9/6/2019,Boeing 777,479,143.7
Bartholemy,Skryne,2/21/1986,Male,1,24.1,New York,London,11/3/2019,Airbus A330,5578,2008.08
Emmit,Cato,6/19/1979,Male,0,35.4,Paris,Chicago,11/16/2019,Boeing 737,6660,1998.0
Kerianne,Rosten,1/16/1970,Female,0,17.4,Katowice,London,5/17/2019,Boeing 474,1349,404.7
Tallie,Cockayme,12/26/1975,Male,2,18.2,Frankfurt,Tokio,2/5/2019,Boeing 474,9349,4207.05
Clara,Gibben,4/30/1986,Female,2,18.8,Katowice,Rome,8/6/2019,Boeing 777,1059,476.55
Rey,McArthur,8/19/1991,Male,0,12.6,Rome,Frankfurt,2/20/2019,Airbus A330,959,287.7
Lucine,Yelding,8/29/2008,Female,2,11.8,Chicago,Tokio,10/19/2019,Boeing 474,10152,4568.4
Dasie,Kort,8/30/2006,Female,2,35.6,Berlin,Tokio,1/10/2019,Boeing 474,8933,4019.85
Nannie,Cool,5/29/1998,Female,1,12.2,New York,Katowice,7/2/2019,Airbus A330,6857,2468.52
Nikita,Gravie,5/27/1971,Male,1,29.5,Paris,London,11/5/2019,Airbus A330,344,123.84
Meaghan,Caldayrou,11/23/2009,Female,0,28.7,Chicago,London,1/4/2019,Airbus A320,6362,1908.6
Benson,Vlasin,8/21/1998,Male,2,3.2,Berlin,London,11/29/2019,Boeing 777,933,419.85
Dillon,Vasyutin,12/22/2007,Male,0,18.9,Tokio,London,3/27/2019,Airbus A330,9576,2872.8
Russell,Abramovici,2/5/1980,Male,2,21.3,Tokio,Katowice,10/14/2019,Airbus A320,8846,3980.7
Helen-elizabeth,Allot,12/2/1999,Female,1,36.8,Katowice,Tokio,4/17/2019,Boeing 737,8846,3184.56
Wilek,Allbon,12/28/1994,Male,0,2.3,Tokio,Rome,5/9/2019,Boeing 777,9874,2962.2
Rennie,Jeaycock,2/11/1998,Female,1,32.1,Berlin,Rome,12/9/2019,Boeing 777,1185,426.6
Pincus,Caulfield,3/14/2010,Male,2,34.5,Berlin,Chicago,4/29/2019,Boeing 474,7093,3191.85
Daisy,Glede,9/26/2003,Female,1,27.9,Frankfurt,Chicago,10/5/2019,Airbus A320,6974,2510.64
Ferdy,Hoggan,8/28/1991,Male,0,5.6,Warsaw,Tokio,10/8/2019,Airbus A320,8595,2578.5
Angelico,Marti,6/17/1996,Male,2,31.7,Frankfurt,Warsaw,10/15/2019,Boeing 737,891,400.95
Leeanne,Scrooby,3/26/1987,Female,0,26.6,Warsaw,Tokio,2/28/2019,Airbus A320,8595,2578.5
Rutter,Scaplehorn,7/1/1970,Male,1,17.5,New York,Tokio,11/29/2019,Boeing 474,10864,3911.04
Amalee,McComish,3/30/2001,Female,1,35.7,Rome,Berlin,11/21/2019,Airbus A320,1185,426.6
Sonya,Ketteringham,9/7/1970,Female,1,3.2,London,Chicago,5/5/2019,Boeing 737,6362,2290.32
Rollins,Ruger,12/3/1979,Male,2,14.0,Chicago,Paris,5/11/2019,Airbus A330,6660,2997.0
Patton,Tretwell,11/15/2000,Male,0,21.8,Frankfurt,Berlin,9/28/2019,Boeing 777,424,127.2
Adrian,Conningham,1/21/1988,Female,1,23.7,London,Warsaw,10/14/2019,Boeing 777,1451,522.36
Zackariah,Gerrell,1/13/1998,Male,2,37.6,Rome,Frankfurt,12/27/2019,Airbus A330,959,431.55
Isadora,Cutford,7/21/1981,Female,1,4.7,London,Warsaw,9/9/2019,Airbus A320,1451,522.36
Isaak,Hitzke,8/12/2000,Male,0,32.3,Katowice,Berlin,2/1/2019,Boeing 777,464,139.2
Richmound,Klimpke,2/22/1978,Male,2,20.2,Paris,Tokio,5/8/2019,Airbus A330,9730,4378.5
Rod,Tall,3/14/1984,Male,1,39.8,Tokio,New York,11/24/2019,Boeing 474,10864,3911.04
Jarred,Godsal,6/16/2007,Male,0,7.8,Rome,London,1/18/2019,Boeing 777,1434,430.2
Marcos,Girsch,12/7/1971,Male,1,39.6,Berlin,Paris,1/17/2019,Boeing 777,879,316.44
Derward,Etienne,10/23/1996,Male,1,3.6,London,Frankfurt,9/6/2019,Boeing 474,639,230.04
Ash,Andreia,3/31/1994,Male,2,17.9,Chicago,Katowice,8/20/2019,Airbus A320,7556,3400.2
Eldin,McKernon,7/23/1978,Male,1,18.7,Tokio,Warsaw,10/17/2019,Airbus A320,8595,3094.2
Uriah,Johncey,5/24/1973,Male,1,38.3,Paris,Frankfurt,4/2/2019,Boeing 777,479,172.44
Dorian,Yakob,10/16/1989,Female,0,27.1,New York,Katowice,10/31/2019,Airbus A330,6857,2057.1
Bryanty,Hardeman,5/10/1983,Male,0,15.4,Frankfurt,Warsaw,2/6/2019,Boeing 777,891,267.3
Dorotea,Steptowe,2/22/1992,Female,0,19.3,Rome,Tokio,6/28/2019,Airbus A330,9874,2962.2
Byran,Pudding,10/16/1993,Male,1,30.8,Berlin,Chicago,6/22/2019,Airbus A330,7093,2553.48
Garret,Serchwell,2/18/1990,Male,2,36.8,Tokio,Paris,8/14/2019,Boeing 737,9730,4378.5
Andrew,Greensitt,11/9/2008,Male,0,39.1,London,Berlin,1/2/2019,Boeing 777,933,279.9
Stacee,Elloway,11/6/1972,Female,1,25.4,Chicago,Warsaw,4/30/2019,Boeing 777,7522,2707.92
Minor,Kerton,7/31/2002,Male,0,33.0,Berlin,Rome,7/4/2019,Boeing 474,1185,355.5
Sanders,O' Mahony,3/24/1996,Male,0,31.0,Tokio,Rome,7/7/2019,Airbus A320,9874,2962.2
Court,Da Costa,2/27/1973,Male,1,26.0,Chicago,Rome,12/11/2019,Airbus A330,7749,2789.64
Leupold,Shmyr,11/26/1988,Male,0,8.2,Frankfurt,Berlin,6/5/2019,Boeing 737,424,127.2
Gran,Pebworth,10/25/1985,Male,0,19.9,Paris,Katowice,10/5/2019,Boeing 474,1212,363.6
Theodora,Custy,5/3/1997,Female,1,19.0,London,Tokio,4/16/2019,Airbus A320,9576,3447.36
Romona,Odcroft,4/22/1996,Female,1,32.8,Warsaw,Paris,11/23/2019,Boeing 777,1368,492.48
Claretta,Davydkov,12/14/1982,Female,1,3.3,Katowice,Warsaw,11/3/2019,Airbus A320,259,93.24
Mariette,Banyard,12/14/1975,Female,1,38.7,New York,Frankfurt,12/28/2019,Airbus A330,6211,2235.96
Tulley,Novakovic,1/12/2009,Male,2,39.6,Warsaw,Rome,12/27/2019,Boeing 737,1318,593.1
Ralf,Sone,3/19/1991,Male,0,32.4,Tokio,Rome,5/31/2019,Airbus A320,9874,2962.2
Riley,Darque,10/22/1977,Male,0,6.0,Paris,Warsaw,5/11/2019,Boeing 777,1368,410.4
Kerwin,Blazevic,11/23/1977,Male,1,26.7,Chicago,London,3/3/2019,Airbus A320,6362,2290.32
Jo ann,Douthwaite,7/12/1991,Female,0,2.1,Katowice,Tokio,8/29/2019,Airbus A320,8846,2653.8
Peyton,Creese,10/29/1982,Male,0,19.7,Berlin,New York,3/19/2019,Airbus A330,6394,1918.2
Frannie,Kornalik,9/30/1987,Male,2,34.4,Warsaw,Frankfurt,11/16/2019,Boeing 474,891,400.95
Eldredge,Katte,10/4/1987,Male,2,39.6,Chicago,Frankfurt,6/10/2019,Boeing 777,6974,3138.3
Curran,MacCaig,2/11/1970,Male,1,10.4,Paris,Berlin,3/8/2019,Airbus A320,879,316.44
Rudolfo,Haycraft,2/14/1981,Male,1,0.4,New York,Warsaw,8/17/2019,Boeing 474,6864,2471.04
Gaultiero,Jinkinson,9/27/1988,Male,0,38.3,London,Warsaw,4/30/2019,Airbus A330,1451,435.3
Rory,Treadgear,11/30/1986,Male,2,37.7,New York,Chicago,6/22/2019,Airbus A320,1146,515.7
Niki,Chater,10/9/2006,Female,1,33.5,London,Rome,12/23/2019,Airbus A320,1434,516.24
Ambrosio,Nickels,3/11/1985,Male,0,9.4,Tokio,Rome,7/29/2019,Airbus A330,9874,2962.2
Shaughn,Shoulders,6/25/1973,Male,1,16.9,Warsaw,Tokio,8/20/2019,Boeing 777,8595,3094.2
Yale,Narbett,7/25/2000,Male,1,20.2,Katowice,Rome,4/23/2019,Airbus A320,1059,381.24
Sebastian,Matkin,8/15/1973,Male,0,30.9,New York,Berlin,3/1/2019,Boeing 737,6394,1918.2
Eirena,Hinnerk,5/25/2006,Female,1,20.6,Katowice,Tokio,6/12/2019,Boeing 474,8846,3184.56
Carlene,Stapforth,8/3/2000,Female,1,23.6,New York,Tokio,4/15/2019,Airbus A320,10864,3911.04
Rosalia,Frango,6/5/1971,Female,2,27.1,Frankfurt,Warsaw,1/19/2019,Boeing 474,891,400.95
Reynolds,Junkinson,6/3/1975,Male,1,12.8,Chicago,Paris,5/17/2019,Boeing 777,6660,2397.6
Catherin,Gillfillan,3/16/1999,Female,0,8.8,Rome,Warsaw,9/10/2019,Airbus A330,1318,395.4
Justen,Gabbat,9/22/1996,Male,0,7.0,Chicago,Rome,5/14/2019,Boeing 777,7749,2324.7
Mikkel,Moth,3/6/2005,Male,0,5.3,Warsaw,New York,3/5/2019,Boeing 737,6864,2059.2
Jacinda,Gretton,5/11/1977,Female,2,39.3,Berlin,Chicago,8/23/2019,Boeing 737,7093,3191.85
Josee,Buttwell,1/5/2001,Female,1,6.5,Berlin,Frankfurt,10/23/2019,Boeing 474,424,152.64
Maurice,Redpath,7/16/1975,Male,1,25.7,Rome,London,12/20/2019,Boeing 777,1434,516.24
Artemus,Derell,7/23/1976,Male,0,25.9,Berlin,London,3/20/2019,Boeing 777,933,279.9
Calvin,Wither,5/23/2006,Male,1,21.7,Tokio,Berlin,11/9/2019,Boeing 737,8933,3215.88
Gregorius,Larenson,11/14/1985,Male,0,38.9,Warsaw,Berlin,4/18/2019,Airbus A330,518,155.4
Inger,Zapatero,9/12/1974,Female,2,1.4,London,Rome,1/29/2019,Boeing 737,1434,645.3
Berk,Dessent,1/18/2005,Male,0,19.1,Chicago,Tokio,4/17/2019,Boeing 737,10152,3045.6
Storm,Mattea,2/25/1976,Female,1,12.4,Paris,New York,8/19/2019,Boeing 737,5845,2104.2
Sue,Thomann,10/9/1983,Female,2,37.2,Paris,New York,5/9/2019,Airbus A330,5845,2630.25
Jayne,Meeus,3/17/1994,Female,1,5.6,New York,Berlin,1/5/2019,Boeing 474,6394,2301.84
Dede,Farlham,4/16/1982,Female,1,33.7,Rome,Berlin,12/9/2019,Boeing 777,1185,426.6
Siouxie,Suffe,5/14/1985,Female,0,27.3,London,Paris,8/30/2019,Airbus A330,344,103.2
Goldina,Nicolson,12/17/1979,Female,0,11.5,Tokio,New York,6/1/2019,Airbus A320,10864,3259.2
Milton,Braams,8/13/2007,Male,1,32.1,Tokio,Katowice,8/6/2019,Boeing 474,8846,3184.56
Anson,Vearnals,6/11/2009,Male,1,9.9,Tokio,London,6/24/2019,Airbus A320,9576,3447.36
Jesselyn,Kmiec,11/19/1985,Female,0,33.2,London,Rome,10/28/2019,Boeing 777,1434,430.2
Zitella,Wrenn,3/8/2004,Female,2,17.0,Frankfurt,Rome,8/29/2019,Boeing 474,959,431.55
Delly,Abbets,1/19/1973,Female,0,1.2,Rome,New York,2/2/2019,Airbus A320,6897,2069.1
Colette,Danielli,10/23/1973,Female,0,39.3,Rome,New York,2/1/2019,Boeing 737,6897,2069.1
Evy,Tredget,8/28/2000,Female,2,0.4,Berlin,Tokio,1/26/2019,Boeing 777,8933,4019.85
Leland,Goss,2/8/1978,Female,0,2.5,New York,Katowice,10/23/2019,Boeing 777,6857,2057.1
Anthony,Stellman,12/10/2006,Male,2,7.9,New York,Katowice,7/23/2019,Boeing 737,6857,3085.65
Huntley,Krause,12/13/2009,Male,2,21.1,Warsaw,Chicago,4/11/2019,Boeing 777,7522,3384.9
Haley,Asmus,3/2/1988,Male,1,38.5,Katowice,Berlin,12/19/2019,Airbus A330,464,167.04
Penelope,Mault,12/19/1999,Female,2,4.1,New York,Warsaw,11/13/2019,Boeing 474,6864,3088.8
Kennith,Darrigoe,5/9/2002,Male,1,10.8,Paris,Katowice,11/6/2019,Boeing 737,1212,436.32
Dom,Gumary,10/10/2005,Male,1,34.4,Warsaw,Katowice,1/25/2019,Boeing 777,259,93.24
Jaine,Gannicleff,9/11/1991,Female,0,22.7,Tokio,Frankfurt,8/30/2019,Boeing 777,9349,2804.7
Maddalena,Garlicke,2/23/1995,Female,2,4.5,Rome,Berlin,9/3/2019,Boeing 737,1185,533.25
Gibb,Kift,3/31/2003,Male,2,34.3,Berlin,Frankfurt,6/13/2019,Airbus A330,424,190.8
Franzen,Rambaut,5/3/1988,Male,1,7.2,Chicago,Katowice,11/4/2019,Airbus A330,7556,2720.16
Hube,O'Driscoll,11/26/1992,Male,2,26.8,Berlin,Katowice,9/25/2019,Airbus A320,464,208.8
Paten,Brolan,2/22/1987,Male,1,5.3,Katowice,Chicago,1/15/2019,Boeing 474,7556,2720.16
Gawen,Nicklinson,1/12/1984,Male,2,29.1,Frankfurt,Berlin,10/5/2019,Airbus A330,424,190.8
Hugh,Ioannou,6/12/1975,Male,1,28.4,Rome,Frankfurt,11/30/2019,Boeing 777,959,345.24
Blinny,Blind,1/28/2003,Female,2,35.4,Frankfurt,Rome,5/14/2019,Airbus A320,959,431.55
Bjorn,Raccio,6/30/1975,Male,1,12.4,New York,Tokio,10/28/2019,Boeing 777,10864,3911.04
Gena,Cashman,7/19/1984,Female,1,20.1,Katowice,Berlin,8/26/2019,Boeing 737,464,167.04
Cassandra,Edlyn,6/28/1985,Female,2,36.7,Katowice,London,11/26/2019,Airbus A320,1349,607.05
Quent,Manger,5/28/1971,Male,0,27.8,Chicago,Warsaw,12/12/2019,Boeing 474,7522,2256.6
Gus,Mitskevich,2/27/2005,Male,0,3.1,London,Chicago,3/21/2019,Boeing 474,6362,1908.6
Debora,MacCombe,6/6/1980,Female,0,14.1,Frankfurt,Warsaw,10/23/2019,Airbus A320,891,267.3
Waldon,Ghiron,12/20/1982,Male,2,31.3,Frankfurt,Tokio,12/9/2019,Boeing 737,9349,4207.05
Fax,Renbold,8/13/1973,Male,1,8.5,Berlin,Katowice,2/2/2019,Boeing 777,464,167.04
Stephanie,McCrisken,11/1/2005,Female,2,4.5,Rome,Paris,9/10/2019,Boeing 777,1105,497.25
Daile,Fogt,10/16/1982,Female,0,22.7,Rome,Chicago,9/7/2019,Boeing 777,7749,2324.7
Alford,Lowell,12/19/1998,Male,0,18.8,Katowice,Paris,7/16/2019,Boeing 777,1212,363.6
Hastie,Kirtlan,4/5/1970,Male,2,15.3,Rome,Tokio,1/3/2019,Boeing 737,9874,4443.3
Kirsti,Ortas,7/13/1987,Female,0,23.0,New York,Rome,4/25/2019,Boeing 777,6897,2069.1
Lise,Tarburn,11/25/1971,Female,0,15.7,Katowice,Berlin,12/12/2019,Airbus A330,464,139.2
Boyd,Langstone,1/14/1977,Male,0,4.7,Katowice,Frankfurt,8/16/2019,Boeing 777,737,221.1
Kalila,Paty,10/19/2001,Female,0,30.0,Rome,Paris,6/30/2019,Boeing 474,1105,331.5
Mireille,Sturton,11/9/1984,Female,1,16.8,Tokio,Paris,3/5/2019,Boeing 474,9730,3502.8
Cortney,Nabarro,10/20/1993,Female,1,11.8,Paris,Chicago,12/22/2019,Boeing 777,6660,2397.6
Rena,Colquitt,8/26/1989,Female,2,20.8,Rome,Katowice,11/30/2019,Airbus A330,1059,476.55
Nathalie,Duckhouse,9/3/2001,Female,0,35.3,London,Katowice,11/26/2019,Boeing 777,1349,404.7
Boyd,Warwicker,5/25/2010,Male,1,19.5,Frankfurt,Chicago,2/27/2019,Boeing 474,6974,2510.64
Eberhard,Wroath,3/16/1986,Male,2,37.2,Rome,Chicago,4/10/2019,Boeing 777,7749,3487.05
Anya,Renshell,6/30/1994,Female,2,29.0,Tokio,Katowice,2/27/2019,Airbus A320,8846,3980.7
Krishna,Muller,1/13/1979,Male,2,35.7,Katowice,London,12/8/2019,Boeing 777,1349,607.05
Gayleen,Espinola,3/12/1993,Female,1,2.6,Frankfurt,Berlin,11/18/2019,Boeing 474,424,152.64
Etheline,Laker,12/2/2000,Female,2,15.4,London,New York,9/9/2019,Boeing 737,5578,2510.1
Wake,Prott,4/28/1994,Male,0,6.4,Berlin,London,12/4/2019,Airbus A330,933,279.9
Falkner,Backman,5/1/1975,Male,2,9.0,Rome,Katowice,9/3/2019,Airbus A330,1059,476.55
Leanna,Saterthwait,10/16/1989,Female,0,21.3,Rome,Warsaw,11/15/2019,Airbus A320,1318,395.4
Filbert,Marfell,4/17/1994,Male,2,38.4,Katowice,Rome,12/14/2019,Airbus A330,1059,476.55
Rozella,Clohessy,4/24/1995,Female,1,27.0,London,Berlin,10/13/2019,Boeing 474,933,335.88
Karina,Wiz,4/26/2006,Female,2,6.1,Warsaw,Berlin,1/18/2019,Boeing 777,518,233.1
Isaak,Siveter,8/20/2005,Male,1,39.2,Frankfurt,New York,5/18/2019,Airbus A330,6211,2235.96
Humbert,Pietasch,4/29/2000,Male,0,10.1,London,Berlin,9/8/2019,Boeing 737,933,279.9
Lonna,Andrat,10/19/2002,Female,2,20.9,Warsaw,Berlin,9/17/2019,Boeing 737,518,233.1
Clemmie,Hunston,6/15/1974,Male,1,34.1,Chicago,Warsaw,1/4/2019,Boeing 777,7522,2707.92
Joell,Sime,4/5/1979,Female,0,18.8,New York,Berlin,3/10/2019,Boeing 777,6394,1918.2
Brittni,Innis,5/14/2003,Female,0,0.3,Chicago,Katowice,4/9/2019,Boeing 777,7556,2266.8
Dotty,Chidzoy,5/7/1976,Female,2,7.1,London,Berlin,5/18/2019,Airbus A320,933,419.85
Kaile,Saveall,6/19/2010,Female,0,3.3,Rome,Frankfurt,10/4/2019,Airbus A330,959,287.7
Nicoli,Brute,1/11/2004,Female,0,35.7,Rome,London,8/22/2019,Boeing 777,1434,430.2
Melinde,Bumby,7/28/1982,Female,2,11.8,Chicago,Berlin,6/25/2019,Boeing 474,7093,3191.85
Cris,Raffels,2/9/1990,Male,0,36.1,Paris,Katowice,7/10/2019,Boeing 474,1212,363.6
Brandy,Sommerville,8/8/1971,Male,1,14.6,Berlin,New York,4/26/2019,Boeing 737,6394,2301.84
Donia,Jamme,7/26/2006,Female,0,24.3,Tokio,London,12/12/2019,Boeing 777,9576,2872.8
Elfie,Brogiotti,12/21/1973,Female,1,30.0,Warsaw,Rome,8/5/2019,Airbus A330,1318,474.48
Reagen,Mughal,3/26/2009,Male,1,33.8,Rome,Tokio,6/14/2019,Boeing 777,9874,3554.64
Rivi,Stonhard,8/17/2007,Female,2,14.7,Paris,New York,9/11/2019,Airbus A330,5845,2630.25
Shalom,Samber,3/18/2003,Male,2,11.2,Paris,Rome,5/24/2019,Boeing 777,1105,497.25
Arabelle,Phizakarley,8/24/2007,Female,0,31.7,New York,Rome,12/13/2019,Airbus A330,6897,2069.1
Kiel,Phizaclea,5/25/1991,Male,0,35.0,Chicago,Frankfurt,8/17/2019,Airbus A330,6974,2092.2
Gillian,Abatelli,12/6/2004,Female,0,21.6,Chicago,Tokio,5/9/2019,Boeing 777,10152,3045.6
Sarette,McKellen,6/11/1994,Female,0,22.2,New York,Katowice,9/7/2019,Boeing 474,6857,2057.1
Rawley,Winchcomb,1/24/2002,Male,2,27.8,New York,Rome,2/20/2019,Boeing 474,6897,3103.65
Arley,Kemshell,12/28/1992,Male,1,9.3,Paris,Warsaw,11/30/2019,Boeing 737,1368,492.48
Nicole,Edgeller,9/15/1979,Female,2,33.8,Tokio,Katowice,12/11/2019,Airbus A320,8846,3980.7
Pancho,Main,7/22/2006,Male,1,9.2,Berlin,Tokio,6/29/2019,Airbus A320,8933,3215.88
Edithe,Grieswood,7/5/1992,Female,1,33.2,Warsaw,Tokio,10/3/2019,Boeing 777,8595,3094.2
Raine,Valdes,6/30/1983,Female,1,3.9,Rome,Frankfurt,10/1/2019,Boeing 474,959,345.24
Marian,Dominik,9/11/2004,Female,1,8.5,New York,Chicago,4/2/2019,Boeing 737,1146,412.56
Terrence,Charle,10/16/2005,Male,2,19.2,Warsaw,Tokio,8/10/2019,Boeing 777,8595,3867.75
Terra,Grandison,11/5/1993,Female,1,30.8,Paris,Rome,1/10/2019,Airbus A320,1105,397.8
Joel,Gerholz,8/18/1973,Male,2,25.6,London,Tokio,7/31/2019,Airbus A320,9576,4309.2
Andie,Diamant,9/12/1971,Female,0,6.7,Chicago,Warsaw,9/8/2019,Boeing 737,7522,2256.6
Antonella,Dionisetti,12/13/1986,Female,0,6.8,London,Rome,9/21/2019,Boeing 737,1434,430.2
Madelle,Briars,6/24/2010,Female,1,5.2,Warsaw,New York,10/12/2019,Boeing 474,6864,2471.04
Lillian,O'Breen,7/14/1971,Female,0,16.4,New York,Berlin,3/21/2019,Boeing 777,6394,1918.2
Erny,Coryndon,8/7/1970,Male,2,34.8,Rome,Paris,12/11/2019,Airbus A320,1105,497.25
Gustave,Kroch,6/22/1993,Male,0,32.8,Chicago,Tokio,6/12/2019,Airbus A320,10152,3045.6
Barnard,Connors,3/24/2007,Male,0,27.7,Chicago,Rome,9/8/2019,Airbus A320,7749,2324.7
Merralee,Whitely,6/26/1985,Female,2,15.0,Rome,New York,10/8/2019,Airbus A320,6897,3103.65
Terrill,Coleridge,3/27/2005,Male,0,22.9,New York,Rome,5/16/2019,Airbus A320,6897,2069.1
Ianthe,Paler,8/8/1989,Female,1,16.5,Frankfurt,New York,2/20/2019,Boeing 474,6211,2235.96
Adina,Stein,8/29/1974,Female,1,30.8,Tokio,Rome,8/1/2019,Boeing 777,9874,3554.64
Paten,Fieldstone,12/16/1972,Male,0,10.1,New York,Tokio,7/6/2019,Boeing 737,10864,3259.2
Nanni,Geillier,4/12/2010,Female,2,39.0,Berlin,New York,2/9/2019,Boeing 737,6394,2877.3
Valry,Perillo,10/10/1980,Female,2,16.3,Frankfurt,Paris,11/15/2019,Boeing 474,479,215.55
Trueman,Fucher,3/4/1993,Male,2,31.8,Paris,Berlin,12/20/2019,Airbus A320,879,395.55
Flor,Riolfo,3/3/1970,Female,1,0.5,Warsaw,Paris,4/23/2019,Airbus A330,1368,492.48
Atalanta,Rozenzweig,4/19/1980,Female,2,6.9,Tokio,Chicago,9/11/2019,Boeing 777,10152,4568.4
Patrizio,Rheubottom,11/6/2000,Male,1,22.2,Paris,New York,6/13/2019,Boeing 474,5845,2104.2
Mina,Morrilly,2/28/1996,Female,1,6.3,Rome,Katowice,5/14/2019,Boeing 777,1059,381.24
Sullivan,Tallyn,8/12/1972,Male,1,2.4,Chicago,New York,7/11/2019,Boeing 474,1146,412.56
Orin,Alcock,10/26/1972,Male,0,16.9,Tokio,New York,7/20/2019,Boeing 737,10864,3259.2
Ottilie,Colvill,12/1/1997,Female,1,8.8,New York,Rome,5/11/2019,Airbus A320,6897,2482.92
Cornell,Dudlestone,1/5/2005,Male,1,36.9,Warsaw,Berlin,9/28/2019,Boeing 777,518,186.48
Tessi,Sherwyn,1/29/1972,Female,1,31.6,London,Katowice,6/16/2019,Boeing 737,1349,485.64
Harriet,Calcraft,10/23/2008,Female,0,39.7,Katowice,London,4/20/2019,Boeing 777,1349,404.7
Onfroi,Howarth,5/31/1986,Male,1,38.7,Chicago,Frankfurt,12/21/2019,Boeing 737,6974,2510.64
Cecilla,Garfield,8/20/1989,Female,0,22.7,Tokio,Paris,1/31/2019,Airbus A320,9730,2919.0
Albertine,Van Rembrandt,5/4/2007,Female,1,6.4,New York,Rome,10/27/2019,Boeing 777,6897,2482.92
Becca,Carlino,3/17/1986,Female,0,21.2,Tokio,Katowice,10/11/2019,Boeing 777,8846,2653.8
Artie,Meriott,10/7/1998,Male,2,1.2,Tokio,New York,7/17/2019,Boeing 474,10864,4888.8
Odessa,Richarson,4/9/1988,Female,0,1.9,Frankfurt,Warsaw,3/23/2019,Boeing 777,891,267.3
Donaugh,Conville,3/4/2007,Male,1,24.4,New York,Warsaw,2/13/2019,Airbus A320,6864,2471.04
Daffie,Rennicks,4/19/1990,Female,1,7.3,Frankfurt,Katowice,4/15/2019,Boeing 737,737,265.32
Adel,Rampton,7/9/2009,Female,0,1.0,Frankfurt,Rome,6/27/2019,Airbus A320,959,287.7
Elspeth,Riste,1/7/2003,Female,0,24.7,London,Warsaw,8/23/2019,Airbus A330,1451,435.3
Langsdon,Savaage,2/15/1991,Male,2,21.0,Tokio,London,11/15/2019,Airbus A320,9576,4309.2
Crissy,Leyfield,1/15/1976,Female,2,13.3,New York,Berlin,7/21/2019,Boeing 737,6394,2877.3
Bev,Cluckie,7/7/2008,Male,1,4.1,Warsaw,Frankfurt,12/10/2019,Boeing 777,891,320.76
Irena,Habbin,12/15/1997,Female,0,12.5,Paris,Chicago,9/9/2019,Airbus A320,6660,1998.0
Sunny,Sitwell,2/18/1986,Male,1,0.3,Katowice,Berlin,10/11/2019,Airbus A320,464,167.04
Angelika,Larkins,12/14/2001,Female,0,26.5,Frankfurt,Rome,12/19/2019,Boeing 737,959,287.7
Kit,Langran,12/21/1988,Female,1,37.3,Berlin,Katowice,5/15/2019,Airbus A330,464,167.04
Wylie,McCleary,6/16/1996,Male,1,23.8,Paris,Chicago,2/21/2019,Airbus A320,6660,2397.6
Charmane,Chipps,6/5/1988,Female,0,3.2,Berlin,Warsaw,7/12/2019,Boeing 737,518,155.4
Maggie,Forsaith,12/18/2005,Female,1,16.2,Tokio,Paris,4/30/2019,Boeing 737,9730,3502.8
Whitney,Le febre,1/24/1992,Male,0,5.2,Rome,New York,4/7/2019,Boeing 474,6897,2069.1
Rodrigo,Tuting,12/28/2008,Male,1,0.4,Paris,Rome,12/5/2019,Boeing 737,1105,397.8
Lorens,Bamblett,6/28/1984,Male,2,7.4,London,Katowice,1/17/2019,Boeing 737,1349,607.05
Patrizius,Gladdor,1/11/1979,Male,2,23.8,Warsaw,Berlin,1/21/2019,Boeing 474,518,233.1
Goldi,Thairs,3/4/1970,Female,2,31.0,New York,Warsaw,4/8/2019,Airbus A330,6864,3088.8
Tobe,Lindeberg,3/30/1991,Male,0,20.2,Berlin,Warsaw,9/28/2019,Airbus A330,518,155.4
Grete,Geist,5/8/1972,Female,2,28.1,Rome,Berlin,1/2/2019,Airbus A320,1185,533.25
Mindy,Boult,12/11/2008,Female,1,31.7,Katowice,Paris,6/28/2019,Boeing 474,1212,436.32
Carce,Madison,5/23/1973,Male,0,13.3,Frankfurt,Warsaw,11/16/2019,Boeing 737,891,267.3
Brendan,Droogan,11/24/1973,Male,1,16.7,Chicago,Rome,6/29/2019,Boeing 474,7749,2789.64
Galvin,Yetton,1/31/1973,Male,1,25.9,Rome,Katowice,2/26/2019,Boeing 474,1059,381.24
Enoch,Caisley,1/19/1989,Male,0,11.5,Katowice,Tokio,11/21/2019,Airbus A330,8846,2653.8
Ginger,Tysack,1/30/1997,Male,1,35.3,London,New York,3/24/2019,Boeing 777,5578,2008.08
Miner,Coxon,12/6/1973,Male,1,10.4,Chicago,Rome,8/20/2019,Boeing 777,7749,2789.64
Cathie,Masdon,7/4/2004,Female,0,38.7,Chicago,New York,4/30/2019,Boeing 777,1146,343.8
Aeriela,Wyard,4/30/1971,Female,2,0.7,Chicago,Warsaw,10/4/2019,Boeing 474,7522,3384.9
Cord,Launchbury,11/7/1996,Male,0,23.8,Berlin,New York,7/15/2019,Boeing 777,6394,1918.2
Isak,Dusting,10/13/1970,Male,2,6.8,Berlin,Katowice,5/14/2019,Boeing 474,464,208.8
Loraine,Riley,3/13/1976,Female,2,0.1,Paris,Berlin,1/28/2019,Boeing 474,879,395.55
Kirstyn,Hutchence,7/24/1993,Female,2,12.7,Berlin,Chicago,10/4/2019,Boeing 474,7093,3191.85
Archibold,Jurries,5/3/2001,Male,2,6.1,Tokio,Frankfurt,6/7/2019,Boeing 474,9349,4207.05
Brynna,Heakey,9/29/1994,Female,2,8.5,London,Warsaw,9/17/2019,Boeing 737,1451,652.95
Cathrin,Nairne,2/14/1983,Female,2,30.6,Katowice,London,10/17/2019,Airbus A330,1349,607.05
Paquito,O'Giany,9/15/1994,Male,2,34.3,Katowice,Paris,2/16/2019,Airbus A330,1212,545.4
Viola,Pach,10/29/2004,Female,2,2.3,Katowice,Chicago,3/29/2019,Boeing 474,7556,3400.2
Errick,Sibray,11/29/1972,Male,2,24.8,Rome,Paris,6/14/2019,Boeing 777,1105,497.25
